번호,발표연도,가수,곡명,병기,iTunes가수,iTunes곡명,음반,음반연도,판
1,1978,김만준,모모,,김만준,모모,"무명가수의 하루,환상의 끝",1986,2026-09-13 14:39
2,1978,이은하,밤차,,이은하,밤차,오리지날 힛송 총결산집,1990,2026-09-13 14:39
3,1979,혜은이,제3한강교,,혜은이,제3 한강교,당신은 모르실거야/제3한강교,1985,2026-09-13 14:39
4,1980,산울림,창문 너머 어렴풋이,창문 너머 어렴풋이 옛 생각이 나겠지요,산울림,창문 너머 어렴풋이 옛 생각이 나겠지요,산울림 제6집 - 조금만 기다려요,1980,2026-09-13 14:39
5,1980,윤시내,열애,,윤시내,열애,윤시내 1집 (열애/아무 노래도 부를 수 없네/이 밤을 즐겁게),1979,2026-09-13 14:39
6,1980,조용필,단발머리,,조용필,단발머리,조용필 1집,1980,2026-09-13 14:39
7,1980,조용필,일편단심 민들레야,,조용필,일편단심 민들레야,조용필 3집,1981,2026-09-13 14:39
8,1980,조용필,창밖의 여자,,조용필,창밖의 여자,조용필 1집,1980,2026-09-13 14:39
9,1981,민해경,어느 소녀의 사랑 이야기,,민해경,어느소녀의사랑이야기,7080가요산책,1989,2026-09-13 14:39
10,1981,송골매,어쩌다 마주친 그대,,송골매,어쩌다 마주친 그대,송골매 2집,1981,2026-09-13 14:39
11,1981,이용,바람이려오,,이용,바람이려오,골든 히트 앨범 14,1994,2026-09-13 14:39
12,1981,조용필,고추잠자리,,조용필,고추잠자리,조용필 3집,1981,2026-09-13 14:39
13,1981,조용필,미워 미워 미워,,조용필,미워 미워 미워,조용필 3집,1981,2026-09-13 14:39
14,1982,윤수일,아파트,,윤수일,아파트,운명인 것을/찻잔의 이별,1987,2026-09-13 14:39
15,1982,전영록,종이학,,전영록,종이학,전영록 2집,1982,2026-09-13 14:39
16,1982,조용필,못찾겠다 꾀꼬리,,조용필,못찾겠다 꾀꼬리,조용필 4집,1982,2026-09-13 14:39
17,1982,조용필,비련,,조용필,비련,조용필 4집,1982,2026-09-13 14:39
18,1982,조용필,자존심,,조용필,자존심,조용필 4집,1982,2026-09-13 14:39
19,1983,김수철,못다 핀 꽃 한 송이,,김수철,못다핀 꽃 한 송이,못다핀 꽃 한 송이,1983,2026-09-13 14:39
20,1983,설운도,잃어버린 30년,,설운도,잃어버린 30년,88 마음이 울쩍해서,1983,2026-09-13 14:39
21,1983,정수라,아! 대한민국,,정수라,아! 대한민국,"정수라(바람이었나,아! 대한민국)",1983,2026-09-13 14:39
22,1983,조용필,친구여,,조용필,친구여,조용필 5집,1983,2026-09-13 14:39
23,1983,해바라기,행복을 주는 사람,,해바라기,행복을 주는 사람,그날 이후,1985,2026-09-13 14:39
24,1984,김수철,나도야 간다,,김수철,나도야 간다,젊은 그대,1984,2026-09-13 14:39
25,1984,김수철,젊은 그대,,김수철,젊은 그대,젊은 그대,1984,2026-09-13 14:39
26,1984,나미,빙글빙글,,나미,빙글빙글,골든앨범,1984,2026-09-13 14:39
27,1984,이문세,나는 행복한 사람,,이문세,나는 행복한 사람,나는 행복한 사람,1984,2026-09-13 14:39
28,1984,이선희,J에게,,이선희,J에게,이선희 1집,1985,2026-09-13 14:39
29,1984,전영록,불티,,전영록,불티,아직 어두운 밤인가봐,1987,2026-09-13 14:39
30,1984,정수라,도시의 거리,,정수라,도시의거리,한국가요사23집,1994,2026-09-13 14:39
31,1985,구창모,희나리,,구창모,희나리,문을열어/당신이 미워지면,1985,2026-09-13 14:39
32,1985,김범룡,바람 바람 바람,,김범룡,바람 바람 바람,김범룡 1집: 바람 바람 바람 / 별빛 속의 님,1985,2026-09-13 14:39
33,1985,들국화,그것만이 내 세상,,들국화,그것만이 내 세상,들국화 Ⅰ,1985,2026-09-13 14:39
34,1985,들국화,행진,,들국화,행진,들국화 Ⅰ,1985,2026-09-13 14:39
35,1985,박미경,민들레 홀씨되어,,박미경,민들레 홀씨되어,85 Mbc 강변가요제 제6회(그대 먼곳에/밤에 피는 장미),1985,2026-09-13 14:39
36,1985,이광조,가까이 하기엔 너무 먼 당신,,이광조,가까이하기엔너무먼당신,사랑을잃어버린나,1985,2026-09-13 14:39
37,1985,이문세,난 아직 모르잖아요,,이문세,난 아직 모르잖아요,난 아직 모르잖아요,1985,2026-09-13 14:39
38,1985,이문세,소녀,,이문세,소녀,난 아직 모르잖아요,1985,2026-09-13 14:39
39,1985,이문세,휘파람,,이문세,휘파람,난 아직 모르잖아요,1985,2026-09-13 14:39
40,1985,전영록,아직도 어두운 밤인가봐,,전영록,아직도 어두운 밤인가봐,아직 어두운 밤인가봐,1987,2026-09-13 14:39
41,1985,조용필,그 겨울의 찻집,,조용필,그 겨울의 찻집,조용필 8집,1985,2026-09-13 14:39
42,1985,조용필,그대여,,조용필,그대여,조용필 7집,1985,2026-09-13 14:39
43,1985,조용필,어제 오늘 그리고,,조용필,"어제, 오늘, 그리고",조용필 7집,1985,2026-09-13 14:39
44,1985,조용필,킬리만자로의 표범,,조용필,킬리만자로의 표범,조용필 8집,1985,2026-09-13 14:39
45,1985,조용필,허공,,조용필,허공,조용필 8집,1985,2026-09-13 14:39
46,1985,주현미,비 내리는 영동교,,주현미,비내리는 영동교,비내리는 영동교/그 정을 어이해요,1985,2026-09-13 14:39
47,1986,부활,희야,,부활,희야,Rock Will Never Die,2004,2026-09-13 14:39
48,1986,어떤날,오래된 친구,,어떤날,오래된 친구,어떤날 1 (1960:1965),1986,2026-09-13 14:39
49,1986,이선희,알고 싶어요,I Want To Know,이선희,알고 싶어요,이선희 2집,1986,2026-09-13 14:39
50,1986,정수라,난 너에게,,정수라,난 너에게,"드림포크송 2000, Vol. 8",1990,2026-09-13 14:39
51,1986,최성수,남남,,최성수,남남,Whisky On The Rock,1987,2026-09-13 14:39
52,1987,김완선,나 홀로 뜰 앞에서,Alone in Front of the Yard,김완선,Alone in Front of the Yard,Alone in Front of the Yard,1987,2026-09-13 14:39
53,1987,민해경,그대는 인형처럼 웃고 있지만,,민해경,그대는 인형처럼 웃고 있지만,히스토리 40년,1989,2026-09-13 14:39
54,1987,소방차,그녀에게 전해주오,,소방차,그녀에게 전해주오,깡통 히스토리,1987,2026-09-13 14:39
55,1987,소방차,어젯밤 이야기,,소방차,어젯밤 이야기,어젯밤 이야기,1987,2026-09-13 14:39
56,1987,유재하,사랑하기 때문에,,유재하,사랑하기 때문에,사랑하기 때문에,1987,2026-09-13 14:39
57,1987,유재하,지난날,,유재하,지난날,사랑하기 때문에,1987,2026-09-13 14:39
58,1987,이문세,그녀의 웃음소리뿐,,이문세,그녀의 웃음소리뿐,이문세 4집,1987,2026-09-13 14:39
59,1987,이문세,깊은 밤을 날아서,,이문세,깊은 밤을 날아서,이문세 4집,1987,2026-09-13 14:39
60,1987,이문세,사랑이 지나가면,,이문세,사랑이 지나가면,이문세 4집,1987,2026-09-13 14:39
61,1987,이문세,이별 이야기,,이문세,이별이야기 (with 고은희),이문세 4집,1987,2026-09-13 14:39
62,1987,이지연,난 사랑을 아직 몰라,,이지연,난 사랑을 아직 몰라,그 후론,1989,2026-09-13 14:39
63,1987,전인권,사랑한 후에,,전인권 & 허성욱,사랑한 후에,1979-1987 추억 들국화,1987,2026-09-13 14:39
64,1987,최성수,동행,,최성수,동행,"2집 동행, 해후",1987,2026-09-13 14:39
65,1988,동물원,혜화동,,동물원,혜화동,동물원 2집,1988,2026-09-13 14:39
66,1988,무한궤도,그대에게,,무한궤도,그대에게,88 MBC 대학가요제,1988,2026-09-13 14:39
67,1988,박남정,널 그리며,,박남정,널 그리며,널 그리며,1988,2026-09-13 14:39
68,1988,변진섭,홀로된다는 것,,변진섭,홀로 된다는 것,홀로 된다는 것,1989,2026-09-13 14:39
69,1988,이문세,가로수 그늘 아래 서면,,이문세,가로수 그늘아래 서면,5집,1988,2026-09-13 14:39
70,1988,이문세,광화문 연가,,이문세,광화문 연가,5집,1988,2026-09-13 14:39
71,1988,이문세,붉은 노을,,이문세,붉은 노을,5집,1987,2026-09-13 14:39
72,1988,이상우,슬픈 그림 같은 사랑,,이상우,슬픈 그림같은 사랑,그녀를 만나는 곳 100m 전,1989,2026-09-13 14:39
73,1988,정수라,환희,,정수라,환희,가요산책 2,1994,2026-09-13 14:39
74,1988,조용필,서울 서울 서울,,조용필,서울 서울 서울,88 Cho Yong Pil 10th,1988,2026-09-13 14:39
75,1988,주현미,신사동 그 사람,,주현미,신사동 그사람,주현미 2집,1990,2026-09-13 14:39
76,1989,나미,인디언 인형처럼,Like an Indian Doll,나미,Like an Indian Doll,아무말 않으리,1989,2026-09-13 14:39
77,1989,변진섭,너에게로 또 다시,,변진섭,너에게로 또 다시,너에게로 또 다시,1989,2026-09-13 14:39
78,1989,변진섭,숙녀에게,,변진섭,숙녀에게,너에게로 또 다시,1989,2026-09-13 14:39
79,1989,변진섭,우리의 사랑이 필요한 거죠,,변진섭,우리의 사랑이 필요한거죠 (불우청소년을 위한 노래),너에게로 또 다시,1989,2026-09-13 14:39
80,1989,변진섭,희망사항,,변진섭,희망사항,너에게로 또 다시,1989,2026-09-13 14:39
81,1989,이승철,마지막 콘서트,,이승철,마지막 콘서트,Part 2,1989,2026-09-13 14:39
82,1989,이승철,소녀시대,,이승철,소녀시대,Part 2,1989,2026-09-13 14:39
83,1989,이승철,안녕이라고 말하지마,,이승철,안녕이라고 말하지마,HIT BANK,1989,2026-09-13 14:39
84,1989,이승철,잠도 오지 않는 밤에,,이승철,잠도 오지 않는 밤에,안녕이라고 말하지마,1988,2026-09-13 14:39
85,1989,이승환,텅 빈 마음,,이승환,텅 빈 마음,B.C 603,1989,2026-09-13 14:39
86,1989,이지연,바람아 멈추어다오,,이지연,바람아 멈추어다오,그 후론,1989,2026-09-13 14:39
87,1989,조용필,Q,,조용필,Q,"Q (10th, Pt. 2)",1989,2026-09-13 14:39
88,1989,주현미,짝사랑,,주현미,짝사랑,리듬파티 1집,1987,2026-09-13 14:39
89,1989,푸른하늘,겨울바다,,푸른하늘,겨울바다,푸른하늘 2집 (눈물나는 날에는),1989,2026-09-13 14:39
90,1989,해바라기,사랑으로,,해바라기,사랑으로,89 해바라기: 사랑으로 / 사랑의 진실 / 나는 자유인인가,1989,2026-09-13 14:39
91,1989,현철,봉선화 연정,,현철,봉선화 연정,현철 히트전집 2,1989,2026-09-13 14:39
92,1990,강수지,보라빛 향기,,강수지,보라빛 향기,최고인기가수 최고인기가요 3집,1990,2026-09-13 14:39
93,1990,김민우,입영열차 안에서,,김민우,입영열차안에서,김민우 1집,1990,2026-09-13 14:39
94,1990,김완선,삐에로는 우릴 보고 웃지,Piero Laughs At Us,김완선,Piero Laughs At Us,Piero Laughs At Us,1990,2026-09-13 14:39
95,1990,김지연,찬바람이 불면,,김지연,찬바람이 불면,김지연 1집: 계절이 끝나갈 무렵 / 찬바람이 불면,1990,2026-09-13 14:39
96,1990,김흥국,호랑나비,,김흥국,호랑나비,바람부는 날이면/어느날 카페에서/잊어 버리세요,1990,2026-09-13 14:39
97,1990,노사연,만남,,노사연,만남,노사연 2집,1990,2026-09-13 14:39
98,1990,민해경,보고 싶은 얼굴,,민해경,보고 싶은 얼굴,히스토리 40년,1990,2026-09-13 14:39
99,1990,신승훈,날 울리지마,,신승훈,날 울리지마,Endless Ballads,1991,2026-09-13 14:39
100,1990,신승훈,미소 속에 비친 그대,,신승훈,미소 속에 비친 그대,보이지 않는 사랑,1990,2026-09-13 14:39
101,1990,심신,오직 하나뿐인 그대,,심신,오직 하나뿐인 그대,그대 슬픔까지 사랑해,1990,2026-09-13 14:39
102,1990,윤상,이별의 그늘,,윤상,이별의 그늘,1집 윤상,1991,2026-09-13 14:39
103,1990,태진아,거울도 안 보는 여자,,태진아,거울도 안보는 여자,거울도 안보는 여자/그대 곁에 잠들고 싶어,1990,2026-09-13 14:39
104,1990,푸른하늘,눈물 나는 날에는,,푸른하늘,눈물나는 날에는,푸른하늘 2집 (눈물나는 날에는),1989,2026-09-13 14:39
105,1990,현철,싫다 싫어,,현철,싫다 싫어,현철 4집,1990,2026-09-13 14:39
106,1991,015B,너에게 들려주고 싶은 이야기,,015B,너에게 들려주고 싶은 이야기,Second Episode,1991,2026-09-13 14:39
107,1991,김현식,내사랑 내곁에,,김현식,내 사랑 내곁에,김현식 Vol.6,1991,2026-09-13 14:39
108,1991,박정운,오늘 같은 밤이면,,박정운,오늘 같은 밤이면 (그리움),2집 오늘같은 밤이면,1992,2026-09-13 14:39
109,1991,신승훈,보이지 않는 사랑,,신승훈,보이지 않는 사랑,보이지 않는 사랑,1991,2026-09-13 14:39
110,1991,신해철,나에게 쓰는 편지,,신해철,나에게 쓰는 편지,Myself,1991,2026-09-13 14:39
111,1991,신해철,재즈 카페,,신해철,재즈 카페,Myself,1991,2026-09-13 14:39
112,1991,양수경,사랑은 차가운 유혹,,양수경,사랑은 차가운 유혹,양수경 골든,1992,2026-09-13 14:39
113,1991,이문세,옛사랑,,이문세,옛 사랑,이문세 7집 [VII],1991,2026-09-13 14:39
114,1991,푸른하늘,꿈에서 본 거리,,푸른하늘,꿈에서 본 거리,푸른하늘 4집 (꿈에서 본 거리),1991,2026-09-13 14:39
115,1992,015B,아주 오래된 연인들,,015B,아주 오래된 연인들,The Third Wave,1992,2026-09-13 14:39
116,1992,김건모,잠 못 드는 밤 비는 내리고,,김건모,잠못드는 밤 비는 내리고,Sleepless Rainy Night,1992,2026-09-13 14:39
117,1992,넥스트,인형의 기사,,넥스트,"인형의 기사, Pt. 2",Home,1993,2026-09-13 14:39
118,1992,노이즈,너에게 원한건,,노이즈,너에게 원한건,Sound Shock,1992,2026-09-13 14:39
119,1992,변진섭,그대 내게 다시,,변진섭,그대 내게 다시,변진섭5집-그대 내게 다시,1992,2026-09-13 14:39
120,1992,서태지와 아이들,이 밤이 깊어가지만,,서태지와 아이들,이밤이 깊어가지만,Seotaiji and Boys,1992,2026-09-13 14:39
121,1992,서태지와 아이들,환상속의 그대,You in the Fantasy,서태지와 아이들,환상속의 그대,Seotaiji and Boys,1992,2026-09-13 14:39
122,1992,윤상,가려진 시간 사이로,,윤상,가려진 시간 사이로,"Yoon Sang, Pt. 1",1992,2026-09-13 14:39
123,1992,윤종신,너의 결혼식,,윤종신,너의 결혼식,Sorrow,1992,2026-09-13 14:39
124,1992,이덕진,내가 아는 한가지,,이덕진,내가 아는 한가지,Sad Wings Of Destiny,1992,2026-09-13 14:39
125,1992,이승철,오직 너뿐인 나를,,이승철,오직 너뿐인 나를,이승철 Best of Best,2003,2026-09-13 14:39
126,1992,이승환,한 사람을 위한 마음,,이승환,한 사람을 위한 마음,His Ballad I,1997,2026-09-13 14:39
127,1993,015B,신인류의 사랑,,015B,신 인류의 사랑,The Fourth Movement,1993,2026-09-13 14:39
128,1993,공일오비,어디선가 나의 노랠 듣고 있을 너,,015B,어디선가 나의 노랠 듣고 있을 너에게,The Fourth Movement,1993,2026-09-13 14:39
129,1993,김건모,핑계,,김건모,핑계,Excuses,1993,2026-09-13 14:39
130,1993,김현철,달의 몰락,,김현철,달의몰락,횡계에서 돌아오는 저녁,1993,2026-09-13 14:39
131,1993,듀스,나를 돌아봐,,듀스,나를 돌아봐,Deux,1993,2026-09-13 14:39
132,1993,듀스,우리는,,듀스,우리는,Deuxism,1993,2026-09-13 14:39
133,1993,서태지와 아이들,우리들만의 추억,,서태지와 아이들,우리들만의 추억,Seotaiji and Boys II,1993,2026-09-13 14:39
134,1993,서태지와 아이들,하여가,,서태지와 아이들,하여가,Seotaiji and Boys II,1993,2026-09-13 14:39
135,1993,신승훈,널 사랑하니까,,신승훈,널 사랑하니까,Because I Love You,1993,2026-09-13 14:39
136,1993,윤종신,오래전 그날,,윤종신,오래전 그날,The Natural,1993,2026-09-13 14:39
137,1994,015B,단발머리,,015B,단발머리,Big 5,1994,2026-09-13 14:39
138,1994,DJ DOC,슈퍼맨의 비애,Tragedy of Superman,DJ DOC,Tragedy of Superman,슈퍼맨의 비애,1994,2026-09-13 14:39
139,1994,룰라,100일째 만남,,룰라,100일째 만남,Roots Of Reggae,1994,2026-09-13 14:39
140,1994,룰라,비밀은 없어,,룰라,비밀은 없어,Roots Of Reggae,1994,2026-09-13 14:39
141,1994,마로니에,칵테일 사랑,,마로니에,칵테일 사랑,칵테일 사랑,1994,2026-09-13 14:39
142,1994,박진영,날 떠나지마,,박진영,날 떠나지마,Blue City,1994,2026-09-13 14:39
143,1994,서태지와 아이들,교실 이데아,,서태지와 아이들,교실 이데아,Seotaiji and Boys III,1994,2026-09-13 14:39
144,1994,서태지와 아이들,발해를 꿈꾸며,,서태지와 아이들,발해를 꿈꾸며,Seotaiji and Boys III,1994,2026-09-13 14:39
145,1994,신승훈,그 후로 오랫동안,,신승훈,그 후로 오랫동안,그 후로 오랫동안...,1994,2026-09-13 14:39
146,1994,윤도현,사랑 Two,,윤도현,사랑 Two,가을 우체국 앞에서,1994,2026-09-13 14:39
147,1994,전람회,기억의 습작,,전람회,기억의 습작,Exhibition,1994,2026-09-13 14:39
148,1994,투투,일과 이분의 일,,투투,일과 이분의 일,투투(Two Two) 일과 이분의 일,1994,2026-09-13 14:39
149,1995,DJ DOC,머피의 법칙,Murphy's Law,DJ DOC,머피의 법칙,머피의 법칙,1995,2026-09-13 14:39
150,1995,R.ef,이별공식,,R.ef,이별 공식,Rave Effect,1995,2026-09-13 14:39
151,1995,김건모,잘못된 만남,Wrongful Meeting,김건모,잘못된 만남,Wrongful Meeting,1995,2026-09-13 14:39
152,1995,노이즈,상상속의 너,,노이즈,상상속의 너,Fantasized You,1995,2026-09-13 14:39
153,1995,녹색지대,준비 없는 이별,,녹색지대,준비 없는 이별,녹색지대Ⅱ,1995,2026-09-13 14:39
154,1995,룰라,날개 잃은 천사,Angel Without Wings,룰라,날개 잃은 천사,날개 잃은 천사,1995,2026-09-13 14:39
155,1995,박미경,이브의 경고,,박미경,이브의 경고 (2009 Remastering),2010 Deluxe Edition,1995,2026-09-13 14:39
156,1995,박진영,엘리베이터,Elevator,박진영,엘리베이터,딴따라,1995,2026-09-13 14:39
157,1995,삐삐밴드,유쾌한 씨의 껌씹는 방법,,삐삐밴드,유쾌한 씨의 껌씹는 방법,The Complete Best 1995-1997 (리마스터링),2004,2026-09-13 14:39
158,1995,서태지와 아이들,컴백홈,Come Back Home,서태지와 아이들,Come Back Home,Seotaiji and Boys IV,1995,2026-09-13 14:39
159,1995,솔리드,이 밤의 끝을 잡고,,솔리드,이 밤의 끝을 잡고,나만의 친구 / 이밤의 끝을 잡고,1996,2026-09-13 14:39
160,1995,이소라,난 행복해,,이소라,난 행복해,이소라 Vol.1,1995,2026-09-13 14:39
161,1995,이승환,천일동안,,이승환,천일동안,Human,1995,2026-09-13 14:39
162,1995,터보,검은 고양이,,터보,검은 고양이,280km / h speed,1995,2026-09-13 14:39
163,1995,터보,나 어릴적 꿈,My Childhood Dream,터보,나 어릴적 꿈,280km / h speed,1995,2026-09-13 14:39
164,1995,패닉,달팽이,,패닉,달팽이,패닉 1집 (Panic),1995,2026-09-13 14:39
165,1996,DJ DOC,여름 이야기,,DJ DOC,여름 이야기,Summer,1996,2026-09-13 14:39
166,1996,H.O.T.,전사의 후예,,H.O.T.,전사의 후예 - 폭력시대,We Hate All Kinds of Violence... - The 1st Album,1996,2026-09-13 14:39
167,1996,H.O.T.,캔디,Candy,H.O.T.,Candy,We Hate All Kinds of Violence... - The 1st Album,1996,2026-09-13 14:39
168,1996,김건모,스피드,,김건모,스피드,Exchange Kg. M4,1996,2026-09-13 14:39
169,1996,김종서,아름다운 구속,,김종서,아름다운 구속,Do you remember,1996,2026-09-13 14:39
170,1996,박미경,기억속의 먼 그대에게,,박미경,기억속의 먼 그대에게,Far Away,1996,2026-09-13 14:39
171,1996,박진영,그녀는 예뻤다,,박진영,그녀는 예뻤다,썸머징글벨,1996,2026-09-13 14:39
172,1996,솔리드,천생연분,,솔리드,천생연분,Light Camera Action!,1990,2026-09-13 14:39
173,1996,양파,애송이의 사랑,,yangpa,애송이의 사랑,Yangpa,1996,2026-09-13 14:39
174,1996,언타이틀,책임져,,언타이틀,책임져,무제 (無題),1996,2026-09-13 14:39
175,1996,이정봉,어떤가요,,이정봉,어떤가요?,어떤가요,1996,2026-09-13 14:39
176,1996,쿨,운명,,쿨,운명,Destined For the Best,1996,2026-09-13 14:39
177,1996,클론,꿍따리 샤바라,Kkung Ttari Shabara,클론,꿍따리 샤바라,Are You Ready?,1996,2026-09-13 14:39
178,1996,클론,난,,클론,난!,Are You Ready?,1996,2026-09-13 14:39
179,1997,H.O.T.,We are the Future,,H.O.T.,We Are the Future,Wolf & Sheeps - The 2nd Album,1997,2026-09-13 14:39
180,1997,H.O.T.,행복,Full of happiness,H.O.T.,행복,Wolf & Sheeps - The 2nd Album,1997,2026-09-13 14:39
181,1997,S.E.S.,I'm Your Girl,,S.E.S.,I'm Your Girl,S.E.S. - The 1st Album,1997,2026-09-13 14:39
182,1997,김현정,그녀와의 이별,,김현정,그녀와의 이별,Legend,1997,2026-09-13 14:39
183,1997,유승준,가위,,유승준,가위,West Side,1997,2026-09-13 14:39
184,1997,이승환,가족,,이승환,가족,Cycle,1997,2026-09-13 14:39
185,1997,자우림,일탈,,자우림,일탈,Purple Heart,1997,2026-09-13 14:39
186,1997,젝스키스,연정,,젝스키스,연정,학원별곡,1997,2026-09-13 14:39
187,1997,젝스키스,폼생폼사,사나이 가는 길,젝스키스,사나이 가는 길 (폼생폼사),학원별곡,1997,2026-09-13 14:39
188,1997,젝스키스,학원별곡,,젝스키스,학원별곡,학원별곡,1997,2026-09-13 14:39
189,1997,터보,회상,,터보,회상,Born Again,1997,2026-09-13 14:39
190,1998,H.O.T.,열맞춰,,H.O.T.,열맞춰!,Resurretion - The 3rd Album,1998,2026-09-13 14:39
191,1998,S.E.S.,Dreams Come True,,S.E.S.,Dreams Come True,Sea & Eugene & Shoo - The 2nd Album,1998,2026-09-13 14:39
192,1998,S.E.S.,너를 사랑해,,S.E.S.,너를 사랑해,Sea & Eugene & Shoo - The 2nd Album,1998,2026-09-13 14:39
193,1998,신화,으쌰!으쌰!,으샤! 으샤!,신화,으쌰! 으쌰!,해결사 - The 1st Album,1998,2026-09-13 14:39
194,1998,유승준,나나나,,유승준,나나나,1998 V2: For Sale (NONE),1998,2026-09-13 14:39
195,1998,젝스키스,커플,,젝스키스,커플,Special,1998,2026-09-13 14:39
196,1998,조성모,To Heaven,,조성모,To Heaven,To Heaven,1998,2026-09-13 14:39
197,1998,조성모,불멸의 사랑,,조성모,불멸의 사랑,To Heaven,1998,2026-09-13 14:39
198,1998,코요태,순정,,코요태,순정,순정,1998,2026-09-13 14:39
199,1998,쿨,애상,Sorrow,쿨,애상,Cool 4,1998,2026-09-13 14:39
200,1998,핑클,내 남자친구에게,,핑클,내 남자 친구에게,Fine Killing Liberty : Blue Rain,1998,2026-09-13 14:39
201,1998,핑클,루비,루비 : 슬픈 눈물,핑클,루비 : 슬픈 눈물,Fine Killing Liberty : Blue Rain,1998,2026-09-13 14:39
202,1998,핑클,블루레인,Blue Rain,핑클,Blue Rain,Fine Killing Liberty : Blue Rain,1998,2026-09-13 14:39
203,1999,H.O.T.,아이야,I yah!,H.O.T.,아이야!,I yah! - The 4th Album,1999,2026-09-13 14:39
204,1999,S.E.S.,Twilight Zone,,S.E.S.,Twilight Zone,LOVE - The 3rd Album,1999,2026-09-13 14:39
205,1999,SKY (최진영),영원,,스카이,영원,Final Fantasy,1999,2026-09-13 14:39
206,1999,god,Friday Night,,지오디,Friday Night,Chapter 2,1999,2026-09-13 14:39
207,1999,god,사랑해 그리고 기억해,,지오디,사랑해 그리고 기억해,Chapter 2,1999,2026-09-13 14:39
208,1999,god,애수,,지오디,애수,Chapter 2,1999,2026-09-13 14:39
209,1999,god,어머님께,,지오디,어머님께,Chapter 1,1998,2026-09-13 14:39
210,1999,김현정,되돌아온 이별,,김현정,되돌아온 이별,A Sea Gull of Dream,1999,2026-09-13 14:39
211,1999,드렁큰타이거,너희가 힙합을 아느냐,Do You Know Hip Hop,드렁큰타이거,너희가 힙합을 아느냐?,Year of the Tiger,1999,2026-09-13 14:39
212,1999,박혜경,고백,,박혜경,고백,+01,1999,2026-09-13 14:39
213,1999,박혜경,주문을 걸어,,박혜경,주문을 걸어,+01,1999,2026-09-13 14:39
214,1999,박효신,바보,,박효신,바보,해줄 수 없는 일,1999,2026-09-13 14:39
215,1999,박효신,해줄 수 없는 일,,박효신,해줄 수 없는 일,해줄 수 없는 일,1999,2026-09-13 14:39
216,1999,베이비복스,Killer,,베이비복스,Killer,Come Come Come baby,1997,2026-09-13 14:39
217,1999,샵,가까이,,샵,가까이,The S#arp+2,1999,2026-09-13 14:39
218,1999,스페이스 에이,섹시한 남자,,스페이스 에이,섹시한 남자,Power Bit Techno Space a (NONE),1999,2026-09-13 14:39
219,1999,신화,T.O.P,,신화,T.O.P. (Twinkling of paradise),T.O.P - The 2nd Album,1999,2026-09-13 14:39
220,1999,양파,Addio,,yangpa,Addio,양파 3집,1999,2026-09-13 14:39
221,1999,유승준,비전,,유승준,비전,Over and Over,1999,2026-09-13 14:39
222,1999,유승준,연가,,유승준,연가,Over and Over,1999,2026-09-13 14:39
223,1999,유승준,열정,,유승준,열정,Now or Never,1999,2026-09-13 14:39
224,1999,이수영,I Believe,,이수영,I Believe,I Believe,1999,2026-09-13 14:39
225,1999,이적,Rain,,이적,Rain,Dead End,1999,2026-09-13 14:39
226,1999,이정현,와,Wa,이정현,와,Let's Go To My Star,1999,2026-09-13 14:39
227,1999,조성모,슬픈 영혼식,,조성모,슬픈 영혼식,For Your Soul,1999,2026-09-13 14:39
228,1999,진주,가니,,진주,가니,Soul,1999,2026-09-13 14:39
229,1999,코요태,실연,,코요태,실연,실연,1999,2026-09-13 14:39
230,1999,플라이 투 더 스카이,Day by Day,,플라이 투 더 스카이,Day by Day,Day by Day - The 1st Album,1999,2026-09-13 14:39
231,1999,핑클,White,화이트,핑클,화이트,Special,1999,2026-09-13 14:39
232,1999,핑클,영원한 사랑,,핑클,영원한 사랑,White,1999,2026-09-13 14:39
233,1999,핑클,자존심,,핑클,자존심,White,1999,2026-09-13 14:39
234,2000,DJ DOC,Run to You,,DJ DOC,Run to You,The Life... DOC Blues,2000,2026-09-13 14:39
235,2000,H.O.T.,Outside Castle,,H.O.T.,Outside Castle,Outside Castle - The 5th Album,2000,2026-09-13 14:39
236,2000,S.E.S.,감싸 안으며,,S.E.S.,감싸 안으며,A Letter from Greenland - The 4th Album,2000,2026-09-13 14:39
237,2000,TJ (장혁),HEY GIRL,,티제이,HEY GIRL,TJ 프로젝트 (장혁),2000,2026-09-13 14:39
238,2000,god,거짓말,Lies,지오디,거짓말,Chapter 3,2000,2026-09-13 14:39
239,2000,god,니가 필요해,,지오디,니가 필요해,Chapter 3,2000,2026-09-13 14:39
240,2000,김범수,하루,,김범수,하루 (Original Version),Remember,2000,2026-09-13 14:39
241,2000,김현정,멍,,김현정,멍,The Third Eye,2000,2026-09-13 14:39
242,2000,듀크,Party Tonight,,듀크,Party Tonight,Two House Prism,2000,2026-09-13 14:39
243,2000,드렁큰타이거,위대한 탄생,,드렁큰타이거,위대한 탄생,Drunken Tiger Best,2000,2026-09-13 14:39
244,2000,디바,Up & Down,,디바,Up & Down,Naughty,2000,2026-09-13 14:39
245,2000,롤러코스터,"힘을 내요, 미스터 김",,롤러코스터,"힘을 내요, 미스터 김",일상다반사(日常茶飯事),2000,2026-09-13 14:39
246,2000,룰라,풍변기곡,풍변기곡(風變旗曲),룰라,풍변기곡(風變旗曲),풍변기곡,2000,2026-09-13 14:39
247,2000,박기영,Blue Sky,,박기영,Blue Sky,혼잣말,2000,2026-09-13 14:39
248,2000,박지윤,달빛의 노래,,박지윤,달빛의 노래,성인식,2000,2026-09-13 14:39
249,2000,박지윤,성인식,,박지윤,성인식,성인식,2000,2026-09-13 14:39
250,2000,박혜경,하루,,박혜경,하루,O2,2000,2026-09-13 14:39
251,2000,백지영,Dash,,백지영,Dash,Rouge (NONE),2000,2026-09-13 14:39
252,2000,백지영,Sad Salsa,,백지영,Sad Salsa,Rouge (NONE),2000,2026-09-13 14:39
253,2000,베이비복스,Why,,베이비복스,Why,Why,2000,2026-09-13 14:39
254,2000,보아,ID;Peace B,,보아,ID;Peace B,ID;Peace B - The 1st Album,2000,2026-09-13 14:39
255,2000,보아,Sara,,보아,Sara,ID;Peace B - The 1st Album,2000,2026-09-13 14:39
256,2000,샤크라,Hey U,,샤크라,Hey U,한,2000,2026-09-13 14:39
257,2000,샤크라,한,,샤크라,한,한,2000,2026-09-13 14:39
258,2000,샵,잘됐어,,샵,잘됐어,The Four Letter Word Love,2000,2026-09-13 14:39
259,2000,서문탁,사슬,,서문탁,사슬,서문탁 Ⅱ,2000,2026-09-13 14:39
260,2000,서태지,울트라맨이야,,서태지,울트라맨이야,Seotaiji VI,2000,2026-09-13 14:39
261,2000,성시경,내게 오는 길,,성시경,내게 오는 길 (Bonus Track),처음처럼,2000,2026-09-13 14:39
262,2000,소찬휘,Tears,,소찬휘,Tears,First Bridge,2000,2026-09-13 14:39
263,2000,신승훈,가잖아,,신승훈,가잖아,Desire to Fly High,2000,2026-09-13 14:39
264,2000,신화,Only One,,신화,Only One,Only One - The 3rd Album,2000,2026-09-13 14:39
265,2000,여행스케치,왠지 느낌이 좋아,,여행스케치,왠지 느낌이 좋아,The Best of The Best,2001,2026-09-13 14:39
266,2000,왁스,엄마의 일기,,왁스,엄마의 일기,왁스 1집 - 엄마의 일기,2000,2026-09-13 14:39
267,2000,왁스,오빠,Oppa,왁스,오빠,왁스 1집 - 엄마의 일기,2000,2026-09-13 14:39
268,2000,원타임,One Love,,원타임,One Love,2nd Round,2000,2026-09-13 14:39
269,2000,원타임,쾌지나 칭칭,,원타임,쾌지나 칭칭,2nd Round,2000,2026-09-13 14:39
270,2000,유승준,찾길바래,,유승준,찾길바래,Summit Revival,2000,2026-09-13 14:39
271,2000,유엔,평생,,유엔,평생,United 'n' - Generation,2000,2026-09-13 14:39
272,2000,이브,아가페,,이브,아가페,너에게로 날자,2000,2026-09-13 14:39
273,2000,이소은,서방님,,이소은,서방님,신비,2000,2026-09-13 14:39
274,2000,이승환,그대가 그대를,,이승환,그대가 그대를,Long Live Dreamfactory,2000,2026-09-13 14:39
275,2000,이정현,너,,이정현,너,너,2000,2026-09-13 14:39
276,2000,이지훈,천애,,이지훈,천애,Eternity Friend,2000,2026-09-13 14:39
277,2000,이현도,삐에로,,이현도,삐에로,완전 힙합,2000,2026-09-13 14:39
278,2000,임재범,너를 위해,,임재범,너를 위해,Memories,2000,2026-09-13 14:39
279,2000,임창정,날 닮은 너,,임창정,날 닮은 너,www.Love.7th,2000,2026-09-13 14:39
280,2000,자우림,매직 카펫 라이드,,자우림,매직 카펫 라이드,"Jaurim, The Wonder Land",2000,2026-09-13 14:39
281,2000,정일영,기도,,정일영,기도,가을동화 (Original Television Soundtrack),2000,2026-09-13 14:39
282,2000,제이,어제처럼,,제이,어제처럼,In Love,2000,2026-09-13 14:39
283,2000,조규만,다 줄꺼야,다 줄꺼야(Seq Version),조규만,다 줄꺼야(Seq Version),다 줄거야,2000,2026-09-13 14:39
284,2000,조성모,가시나무,,조성모,가시나무,Classic,2000,2026-09-13 14:39
285,2000,조성모,다짐,,조성모,다짐,Let Me Love,2000,2026-09-13 14:39
286,2000,조성모,아시나요,,조성모,아시나요,Let Me Love,2000,2026-09-13 14:39
287,2000,조장혁,Love,,조장혁,Love,Love,2000,2026-09-13 14:39
288,2000,조장혁,중독된 사랑,,조장혁,중독된 사랑,Love,2000,2026-09-13 14:39
289,2000,채정안,편지,,채정안,편지,편지,2000,2026-09-13 14:39
290,2000,컨츄리꼬꼬,오 마이 줄리아,"Oh, My Julia",컨츄리 꼬꼬,"Oh, My Julia",Winter Traveling,2000,2026-09-13 14:39
291,2000,코요태,Passion,,코요태,Passion,Passion,2000,2026-09-13 14:39
292,2000,코요태,파란,,코요태,파란,Passion,2000,2026-09-13 14:39
293,2000,쿨,맥주와 땅콩,,쿨,맥주와 땅콩,Cool 5,1998,2026-09-13 14:39
294,2000,쿨,해석남녀,,쿨,해석남녀,Cool 5,2000,2026-09-13 14:39
295,2000,클론,초련,,클론,초련 (2024 Remaster),New World (2024 Remasterd),2000,2026-09-13 14:39
296,2000,클릭비,Exit,Exit (For Your Way),클릭비,Exit (For Your Way),Challenge,2000,2026-09-13 14:39
297,2000,터보,Cyber Lover,,터보,Cyber Lover,E-Mail My Heart,2000,2026-09-13 14:39
298,2000,터보,Tonight,,터보,Tonight,E-Mail My Heart,2000,2026-09-13 14:39
299,2000,틴틴파이브,머리치워 머리,,틴틴 파이브,머리치워 머리,코리안 댄스 탑 40,2000,2026-09-13 14:39
300,2000,포지션,I Love You,,포지션,I Love You,I Love You,2000,2026-09-13 14:39
301,2000,피플크루,야화,,피플 크루,야화,태산북두,2000,2026-09-13 14:39
302,2000,피플크루,이제는 하나,,피플 크루,이제는 하나,태산북두,2000,2026-09-13 14:39
303,2000,핑클,Now,,핑클,Now,Now,2000,2026-09-13 14:39
304,2000,허니패밀리,워워,,허니패밀리,워워,Another Level,2000,2026-09-13 14:39
305,2000,홍경민,흔들린 우정,,홍경민,흔들린 우정,Shaky Friendship,2000,2026-09-13 14:39
306,2001,JTL,A Better Day,,JTL,A Better Day,Enter the Dragon,2001,2026-09-13 14:39
307,2001,S.E.S.,꿈을 모아서,,S.E.S.,꿈을 모아서,Surprise - The 4.5th Album,2001,2026-09-13 14:39
308,2001,god,길,Road,지오디,길,Chapter 4,2001,2026-09-13 14:39
309,2001,god,니가 있어야 할 곳,,지오디,니가 있어야 할 곳,Chapter 4,2001,2026-09-13 14:39
310,2001,god,다시,,지오디,다시,Chapter 4,2001,2026-09-13 14:39
311,2001,강타,북극성,,강타,북극성,Polaris - The 1st Album,2001,2026-09-13 14:39
312,2001,거북이,사계,사계 (Hip Hop Version),거북이,사계 (Hip Hop Version),Go! Boogie!,2001,2026-09-13 14:39
313,2001,김건모,미안해요,,김건모,미안해요,#007 Another Days…,2001,2026-09-13 14:39
314,2001,김건모,짱가,,김건모,짱가,#007 Another Days…,2001,2026-09-13 14:39
315,2001,김동률,사랑한다는 말,,김동률,사랑한다는 말,귀향,2001,2026-09-13 14:39
316,2001,김종국,남자니까,,김종국,남자니까,Renaissance,2001,2026-09-13 14:39
317,2001,김현정,떠난 너,,김현정,떠난 너,Wild Beauty,2001,2026-09-13 14:39
318,2001,다나,세상끝까지,,다나,세상끝까지,DANA,2001,2026-09-13 14:39
319,2001,드렁큰타이거,Good Life,,드렁큰타이거,Good Life,The Legend Of…,2001,2026-09-13 14:39
320,2001,리치,사랑해 이 말밖엔,,리치,"사랑해, 이 말 밖엔...",I Have a Dream,2001,2026-09-13 14:39
321,2001,박진영,난 여자가 있는데,,박진영,난 여자가 있는데,놀이,2001,2026-09-13 14:39
322,2001,박효신,동경,,박효신,동경,Second Story,2001,2026-09-13 14:39
323,2001,베이비복스,인형,,베이비복스,인형,Boyish Story,2001,2026-09-13 14:39
324,2001,보보,늦은 후회,,보보,늦은 후회,늦은 후회,2001,2026-09-13 14:39
325,2001,브라운아이즈,벌써 일년,,Brown Eyes,벌써 일년,Brown Eyes,2001,2026-09-13 14:39
326,2001,샤크라,끝,,샤크라,끝,Chakra‘Ca,2001,2026-09-13 14:39
327,2001,샵,Sweety,,샵,Sweety,4ever Feel So Good (NONE),2001,2026-09-13 14:39
328,2001,샵,내 입술 따뜻한 커피처럼,,샵,내 입술... 따뜻한 커피처럼,Flat (♭) Album,2001,2026-09-13 14:39
329,2001,서문탁,사미인곡,,서문탁,사미인곡,Seomoontak 3rd,2001,2026-09-13 14:39
330,2001,신승훈,I Believe,,신승훈,I Believe,엽기적인 그녀 (Original Movie Soundtrack) [AC+E No.2],2001,2026-09-13 14:39
331,2001,신화,"Hey, Come On !",,신화,"Hey, Come On !","HEY, COME ON! - The 4th Album",2001,2026-09-13 14:39
332,2001,심태윤,뭡니까,,심태윤,뭡니까,2003. Ready!!,2001,2026-09-13 14:39
333,2001,싸이,새,Bird,싸이,새,Psy From The Psycho World,2001,2026-09-13 14:39
334,2001,엄정화,다가라,,엄정화,다가라,화,2001,2026-09-13 14:39
335,2001,엔알지,비,,엔알지,비,비,2001,2026-09-13 14:39
336,2001,왁스,화장을 고치고,,왁스,화장을 고치고,왁스 2집 - 화장을 고치고,2001,2026-09-13 14:39
337,2001,원타임,어머니,,원타임,어머니,Third Time Fo' Yo' Mind!!,2001,2026-09-13 14:39
338,2001,유리상자,사랑해도 될까요,,유리상자,사랑해도 될까요?,시나브로,2001,2026-09-13 14:39
339,2001,유엔,선물,,유엔,선물,Traveling You,2001,2026-09-13 14:39
340,2001,유엔,파도,,유엔,파도,Traveling You,2001,2026-09-13 14:39
341,2001,윤미래,시간이 흐른뒤,,윤미래,시간이 흐른뒤,사랑+one-겨울愛 - EP,2001,2026-09-13 14:39
342,2001,이기찬,또 한번 사랑은 가고,,이기찬,또 한번 사랑은 가고,New Story,2001,2026-09-13 14:39
343,2001,이수영,그리고 사랑해,,이수영,그리고 사랑해,Made In Winter,2000,2026-09-13 14:39
344,2001,이정현,미쳐,,이정현,미쳐,Magic To Go To My Star,2001,2026-09-13 14:39
345,2001,이지훈 & 신혜성,인형,,이지훈,인형 [feat. Shin Hye Sung],Special With…,2001,2026-09-13 14:39
346,2001,자두,잘가,,더 자두,잘가,자두 1집 - Version 0001,2001,2026-09-13 14:39
347,2001,장나라,4월 이야기,,장나라,4월 이야기,First Story,2001,2026-09-13 14:39
348,2001,장나라,고백,,장나라,고백,First Story,2001,2026-09-13 14:39
349,2001,장나라,눈물에 얼굴을 묻는다,,장나라,눈물에 얼굴을 묻는다,First Story,2001,2026-09-13 14:39
350,2001,정재욱,Season In The Sun,,정재욱,Season In The Sun,A Simple Story,2001,2026-09-13 14:39
351,2001,죠앤,햇살 좋은 날,,죠앤,햇살 좋은 날,First Love,2001,2026-09-13 14:39
352,2001,지누션,A-Yo!,,지누션,A-Yo!,The Reign,2001,2026-09-13 14:39
353,2001,차태현,I Love You,,차태현,I Love You,Accident,2001,2026-09-13 14:39
354,2001,채정안,Magic,,채정안,Magic,Goddess... Her Fate,2001,2026-09-13 14:39
355,2001,캔,내 생에 봄날은...,,캔,내생에 봄날은...,Can With Piano,2001,2026-09-13 14:39
356,2001,쿨,Jumpo Mambo,,쿨,Jumpo Mambo,COOL 6ix,2001,2026-09-13 14:39
357,2001,쿨,아로하,,쿨,아로하,First Whisper,2001,2026-09-13 14:39
358,2001,크라잉넛,밤이 깊었네,,크라잉넛,밤이 깊었네,하수연가,2001,2026-09-13 14:39
359,2001,클릭비,백전무패,,클릭비,백전무패,Click-B 3,2001,2026-09-13 14:39
360,2001,핑클,늘 지금처럼,,핑클,늘 지금처럼,Memories & Melodies,2001,2026-09-13 14:39
361,2001,하늘,웃기네,,하늘,웃기네,Voice Of Purity,2001,2026-09-13 14:39
362,2002,MC 스나이퍼,뉴욕스타일,,MC SNIPER,뉴욕스타일,So Sniper,2002,2026-09-13 14:39
363,2002,S.E.S.,Just A Feeling,,S.E.S.,Just a Feeling (Original Version),Choose My Life-U,2002,2026-09-13 14:39
364,2002,김광진,동경소녀,,김광진,동경소녀,솔베이지,2002,2026-09-13 14:39
365,2002,김범수,보고싶다,,김범수,보고 싶다,보고 싶다,2002,2026-09-13 14:39
366,2002,노을,붙잡고도,Even I Grab You,Noel,Even I Grab You,Noel,2002,2026-09-13 14:39
367,2002,노을,인연,,Noel,인연,Noel,2002,2026-09-13 14:39
368,2002,리즈,그대 행복에 살텐데,그댄 행복에 살텐데,리즈,그댄 행복에 살텐데,Obsession,2002,2026-09-13 14:39
369,2002,박경림,착각의 늪,,박고테 프로젝트,착각의 늪,박고테 프로젝트,2002,2026-09-13 14:39
370,2002,박정현,꿈에,,박정현,꿈에,Op. 4,2002,2026-09-13 14:39
371,2002,박지윤,난 남자야,,parkjiyoon,난 남자야,MAN,2002,2026-09-13 14:39
372,2002,박효신,좋은 사람,,박효신,좋은사람,Time-Honored Voice,2002,2026-09-13 14:39
373,2002,베이비복스,우연,,베이비복스,우연 (우울한 우연),Baby V.O.X Special Album,2002,2026-09-13 14:39
374,2002,별,왜 모르니,,별,왜 모르니,왜 모르니 - Single,2002,2026-09-13 14:39
375,2002,보아,No.1,넘버원,보아,No.1,NO.1 - The 2nd Album,2002,2026-09-13 14:39
376,2002,보아,Valenti,,보아,Valenti,MIRACLE - The 2.5th Album,2002,2026-09-13 14:39
377,2002,부활,Never Ending Story,,부활,Never Ending Story,새벽,2002,2026-09-13 14:39
378,2002,브라운아이즈,점점,,Brown Eyes,점점,Reason 4 Breathing?,2002,2026-09-13 14:39
379,2002,비,나쁜 남자,Bad Guy,비,나쁜 남자,N001,2002,2026-09-13 14:39
380,2002,신화,Perfect Man,,신화,Perfect Man,Perfect Man - The 5th Album,2002,2026-09-13 14:39
381,2002,싸이,낙원,,싸이,낙원 (feat. 이재훈),Psy 3,2002,2026-09-13 14:39
382,2002,싸이,챔피언,,싸이,챔피언,Psy 3,2002,2026-09-13 14:39
383,2002,엠씨더맥스,잠시만 안녕,,엠씨 더 맥스,잠시만 안녕,"M.C THE MAX!, Vol. 1",2008,2026-09-13 14:39
384,2002,이기찬,감기,,이기찬,감기,Newstory Ⅱ,2002,2026-09-13 14:39
385,2002,이수영,라라라,,이수영,라라라,Sweet Holiday In Lombok,2002,2026-09-13 14:39
386,2002,인디고,여름아! 부탁해,,인디고,여름아! 부탁해,인디고,2002,2026-09-13 14:39
387,2002,자두,대화가 필요해,,더 자두,대화가 필요해,자두 2집 - Change Yourself,2002,2026-09-13 14:39
388,2002,장나라,Sweet Dream,,장나라,Sweet Dream,Sweet Dream,2002,2026-09-13 14:39
389,2002,쥬얼리,Again,,쥬얼리,Again,Again,2002,2026-09-13 14:39
390,2002,지영선,가슴앓이,,지영선,가슴앓이,사랑,2002,2026-09-13 14:39
391,2002,체리필터,낭만고양이,낭만고양이 Sweet Little Kitty,체리필터,낭만고양이 Sweet Little Kitty,Made In Korea?,2002,2026-09-13 14:39
392,2002,체리필터,내게로 와,내게로 와 Come To Me,체리필터,내게로 와 Come To Me,Made In Korea?,2002,2026-09-13 14:39
393,2002,쿨,진실,,쿨,진실,7Even,2002,2026-09-13 14:39
394,2002,휘성,안되나요,,휘성,안되나요,Like a Movie,2002,2026-09-13 14:39
395,2003,거미,그대 돌아오면,,거미,그대 돌아오면,Like Them,2003,2026-09-13 14:39
396,2003,김형중,그랬나봐,,김형중,그랬나봐,Kim Hyung Joong 1,2003,2026-09-13 14:39
397,2003,동방신기,Hug,,동방신기,Hug (포옹),Hug (포옹),2004,2026-09-13 14:39
398,2003,보아,아틀란티스 소녀,,보아,아틀란티스 소녀,Atlantis Princess - The 3rd Album,2003,2026-09-13 14:39
399,2003,빅마마,Break Away,,Big Mama,Break Away,Like The Bible,2003,2026-09-13 14:39
400,2003,빅마마,체념,,빅마마,체념 後(후),It's Unique,2005,2026-09-13 14:39
401,2003,세븐,와줘,Come Back To Me,SE7EN,와줘,Just Listen,2003,2026-09-13 14:39
402,2003,엠씨더맥스,사랑의 시,,엠씨 더 맥스,사랑의 시,Love Is Time Sixth Sense,2003,2026-09-13 14:39
403,2003,이수영,덩그러니,,이수영,덩그러니,This Time,2003,2026-09-13 14:39
404,2003,이효리,10 Minutes,텐 미닛,이효리,10 Minutes,Stylish...,2003,2026-09-13 14:39
405,2003,이효리,Hey Girl,,이효리,Hey Girl,Stylish...,2003,2026-09-13 14:39
406,2003,휘성,With Me,위드 미,휘성,With Me,YG 10th Anniversary,2003,2026-09-13 14:39
407,2004,MC몽,너에게 쓰는 편지,,MC 몽,너에게 쓰는 편지 (feat. Lyn),180 Degree,2004,2026-09-13 14:39
408,2004,SG워너비,Timeless,,SG Wannabe,Timeless,SG Wanna Be+,2004,2026-09-13 14:39
409,2004,거미,기억상실,,거미,기억상실,It's Different,2004,2026-09-13 14:39
410,2004,김종국,한 남자,One Man,김종국,한 남자,Evolution,2004,2026-09-13 14:39
411,2004,더 넛츠,사랑의 바보,,더 넛츠,사랑의 바보,더 넛츠 1집,2004,2026-09-13 14:39
412,2004,동방신기,The Way U Are,,동방신기,The Way U Are,Tri-Angle - The 1st Album,2004,2026-09-13 14:39
413,2004,럼블피쉬,예감 좋은 날,,럼블피쉬,예감 좋은 날,Swing Attack,2004,2026-09-13 14:39
414,2004,박효신,눈의 꽃,,박효신,눈의 꽃,미안하다 사랑한다 (Original Television Soundtrack),2004,2026-09-13 14:39
415,2004,신화,Brand New,브랜드 뉴,신화,Brand New,Brand New,2004,2026-09-13 14:39
416,2004,이수영,휠릴리,,이수영,휠릴리,The Colors Of My Life,2004,2026-09-13 14:39
417,2004,자우림,하하하쏭,,자우림,하하하쏭,All You Need Is Love,2004,2026-09-13 14:39
418,2004,장윤정,어머나,,장윤정,어머나!,어머나 !,2003,2026-09-13 14:39
419,2005,SG워너비,살다가,,SG Wannabe,살다가,살다가,2005,2026-09-13 14:39
420,2005,SG워너비,죄와 벌,,SG Wannabe,죄와 벌,살다가,2005,2026-09-13 14:39
421,2005,SS501,Snow Prince,,SS501,Snow Prince,SS501 2nd Single,2005,2026-09-13 14:39
422,2005,거미,어른아이,,거미,어른아이,For the Bloom,2005,2026-09-13 14:39
423,2005,김종국,사랑스러워,,김종국,사랑스러워,This is me,2005,2026-09-13 14:39
424,2005,김종국,제자리 걸음,,김종국,제자리 걸음,This is me,2005,2026-09-13 14:39
425,2005,동방신기,Rising Sun,순수,동방신기,Rising Sun,Rising Sun - 2nd Album,2005,2026-09-13 14:39
426,2005,리쌍,내가 웃는게 아니야,,리쌍,내가 웃는게 아니야,리쌍 3집 - Library Of Soul,2005,2026-09-13 14:39
427,2005,버즈,가시,,버즈,가시,Buzz Effect,2005,2026-09-13 14:39
428,2005,버즈,겁쟁이,,버즈,겁쟁이,Buzz Effect,2005,2026-09-13 14:39
429,2005,버즈,나에게로 떠나는 여행,,버즈,나에게로 떠나는 여행,Buzz Effect,2005,2026-09-13 14:39
430,2005,슈퍼주니어,Twins,,SUPER JUNIOR,Twins (Knock Out),Super Junior 05,2005,2026-09-13 14:39
431,2005,에픽하이,Fly,플라이,에픽하이,Fly (feat. Amin. J),Swan Songs,2005,2026-09-13 14:39
432,2005,이승철,서쪽하늘,West Sky,이승철,서쪽 하늘,청연 Original Sound Track,2005,2026-09-13 14:39
433,2006,SG워너비,Partner for Life,내사람,SG Wannabe,Partner for Life,The 3rd Masterpiece,2006,2026-09-13 14:39
434,2006,더 넛츠,잔소리,,더 넛츠,잔소리,Whispers Of Love,2006,2026-09-13 14:39
435,2006,슈퍼주니어,U,,SUPER JUNIOR,U,U - Single,2006,2026-09-13 14:39
436,2006,씨야,미친 사랑의 노래,Crazy Love Song,씨야,미친 사랑의 노래,California Dream,2008,2026-09-13 14:39
437,2006,씨야,여인의 향기,,씨야,여인의 향기,여인의 향기,2006,2026-09-13 14:39
438,2006,이효리,Get Ya,,이효리,Get Ya',Dark Angel,2006,2026-09-13 14:39
439,2007,FT아일랜드,사랑앓이,Love Sick,FTISLAND,사랑앓이,Cheerful Sensibility,2007,2026-09-13 14:39
440,2007,SG워너비,아리랑,,SG Wannabe,아리랑,The Sentimental Chord,2007,2026-09-13 14:39
441,2007,빅뱅,거짓말,Lies,BIGBANG,거짓말,Always - EP,2007,2026-09-13 14:39
442,2007,빅뱅,마지막 인사,Last Farewell,BIGBANG,마지막 인사,Hot Issue - EP,2007,2026-09-13 14:39
443,2007,소녀시대,Kissing You,,소녀시대,Kissing You,소녀시대,2007,2026-09-13 14:39
444,2007,소녀시대,다시 만난 세계,Into the New World,소녀시대,다시 만난 세계,소녀시대,2007,2026-09-13 14:39
445,2007,슈퍼주니어,로꾸거,,슈퍼주니어-T,로꾸거!!!,로꾸거!!! - Single,2007,2026-09-13 14:39
446,2007,씨야,사랑의 인사,,씨야,사랑의 인사,Lovely Sweet Heart,2007,2026-09-13 14:39
447,2007,아이비,유혹의 소나타,,아이비,유혹의 소나타,A Sweet Moment,2007,2026-09-13 14:39
448,2007,에픽하이,love love love,,에픽하이,Love Love Love (feat. 융진),Remapping the Human Soul,2006,2026-09-13 14:39
449,2007,원더걸스,Irony,,Wonder Girls,Irony,Wonder Girls - The Wonder Years (Korean Version),2007,2026-09-13 14:39
450,2007,원더걸스,Tell Me,,Wonder Girls,Tell Me,Wonder Girls - The Wonder Years (Korean Version),2007,2026-09-13 14:39
451,2007,윤미래,잊었니,,윤미래,잊었니…,t 3 YOONMIRAE,2007,2026-09-13 14:39
452,2007,이기찬,미인,,이기찬,미인,Para Ti,2007,2026-09-13 14:39
453,2007,테이,같은 베개,,테이,같은 베개…,애인,2007,2026-09-13 14:39
454,2008,2AM,이 노래,,2AM,이노래,이노래 - EP,2008,2026-09-13 14:39
455,2008,SG워너비,라라라,,SG Wannabe,라라라,My Friend,2008,2026-09-13 14:39
456,2008,브라운아이드걸스,L.O.V.E,,Brown Eyed Girls,Love,With L.O.V.E Brown Eyed Girls,2008,2026-09-13 14:39
457,2008,빅뱅,붉은 노을,,BIGBANG,붉은 노을,Remember,2008,2026-09-13 14:39
458,2008,빅뱅,하루하루,Haru Haru,BIGBANG,하루하루,Stand Up - EP,2008,2026-09-13 14:39
459,2008,샤이니,누난 너무 예뻐,Replay,SHINee,누난 너무 예뻐,누난 너무 예뻐 The First Mini Album - EP,2008,2026-09-13 14:39
460,2008,아이유,미아,,아이유,미아,Lost and Found - EP,2009,2026-09-13 14:39
461,2008,원더걸스,Nobody,Nobody (Korean Version),Wonder Girls,Nobody (Korean Version),The Wonder Years - Trilogy (Korean Version),2008,2026-09-13 14:39
462,2008,원더걸스,So Hot,,Wonder Girls,So Hot,So Hot,2008,2026-09-13 14:39
463,2008,이효리,Hey Mr. Big,,이효리,Hey Mr. Big,It′s Hyorish,2008,2026-09-13 14:39
464,2008,이효리,U-Go-Girl,,이효리,U-Go-Girl (feat. Nassun),It′s Hyorish,2008,2026-09-13 14:39
465,2008,카라,Rock U,,카라,Rock U,카라 1st - EP,2008,2026-09-13 14:39
466,2009,2NE1,Fire,,2NE1,Fire,2NE1 1st Mini Album,2009,2026-09-13 14:39
467,2009,2NE1,I Don't Care,아이 돈 케어,2NE1,I Don't Care,2NE1 1st Mini Album,2009,2026-09-13 14:39
468,2009,2PM,Again & Again,어게인 앤 어게인,2PM,Again & Again,2:00PM Time for Change,2009,2026-09-13 14:39
469,2009,다비치,8282,8282,다비치,8282,Davichi In Wonderland - EP,2009,2026-09-13 14:39
470,2009,브라운아이드걸스,아브라카다브라,Abracadabra,Brown Eyed Girls,Abracadabra,Sound G.,2009,2026-09-13 14:39
471,2009,샤이니,Ring Ding Dong,,SHINee,Ring Ding Dong,"2009, Year Of Us - EP",2009,2026-09-13 14:39
472,2009,소녀시대,Gee,,소녀시대,Gee,Gee - EP,2009,2026-09-13 14:39
473,2009,소녀시대,Genie,소원을 말해봐,소녀시대,소원을 말해봐 (Genie),소원을 말해봐 (Genie) - EP,2009,2026-09-13 14:39
474,2009,슈퍼주니어,Sorry Sorry,쏘리 쏘리,SUPER JUNIOR,쏘리 쏘리,쏘리 쏘리,2009,2026-09-13 14:39
475,2009,아이유,Boo,,아이유,Boo,Growing up,2009,2026-09-13 14:39
476,2009,애프터스쿨,Diva,,애프터스쿨,DIVA,Diva - Single,2009,2026-09-13 14:39
477,2009,어반자카파,커피를 마시고,,어반자카파,커피를 마시고 (Main Version),커피를 마시고 - EP,2009,2026-09-13 14:39
478,2009,이승철,그런 사람 또 없습니다,,이승철,그런사람 또 없습니다,사랑 참 어렵다 (이승철 10th 리패키지) - Single,2009,2026-09-13 14:39
479,2009,지드래곤,Heartbreaker,,G-DRAGON,Heartbreaker,Heartbreaker,2009,2026-09-13 14:39
480,2009,카라,미스터,Mister,카라,미스터,Revolution,2009,2026-09-13 14:39
481,2009,티아라,Bo Peep Bo Peep,,T-ara,Bo Peep Bo Peep,Absolute First Album,2009,2026-09-13 14:39
482,2009,포미닛,Muzik,,포미닛,Muzik,For Muzik,2009,2026-09-13 14:39
483,2010,10cm,아메리카노,Americano,10CM,아메리카노,아메리카노 - Single,2010,2026-09-13 14:39
484,2010,2AM,죽어도 못 보내,,2AM,죽어도 못 보내,죽어도 못 보내 - EP,2010,2026-09-13 14:39
485,2010,2NE1,Can't Nobody,,2NE1,Can't Nobody,To Anyone,2010,2026-09-13 14:39
486,2010,레인보우,A,,레인보우,A,A - Single,2010,2026-09-13 14:39
487,2010,미쓰에이,Bad Girl Good Girl,배드 걸 굿 걸,miss A,Bad Girl Good Girl,Bad But Good,2010,2026-09-13 14:39
488,2010,비스트,Beautiful,뷰티풀,비스트,Beautiful,Lights Go on Again - EP,2010,2026-09-13 14:39
489,2010,비스트,쇼크,Shock,비스트,Shock,Shock of the New Era - EP,2010,2026-09-13 14:39
490,2010,소녀시대,Oh!,,소녀시대,Oh!,Oh!,2010,2026-09-13 14:39
491,2010,씨엔블루,Love,,씨엔블루,Love,Bluelove - EP,2010,2026-09-13 14:39
492,2010,씨엔블루,외톨이야,Loner,씨엔블루,외톨이야,Bluetory - EP,2010,2026-09-13 14:39
493,2010,아이유,좋은 날,Good Day,아이유,좋은 날,Real,2010,2026-09-13 14:39
494,2010,엠블랙,Y,,엠블랙,Y,Y,2010,2026-09-13 14:39
495,2010,카라,루팡,,카라,루팡,루팡 - EP,2010,2026-09-13 14:39
496,2010,티아라,너 때문에 미쳐,,T-ara,너 때문에 미쳐,Breaking Heart,2010,2026-09-13 14:39
497,2010,포미닛,Huh,,포미닛,Huh,Hit Your Heart,2010,2026-09-13 14:39
498,2010,허각,언제나,,허각,언제나,허각 1st 미니앨범 - EP,2010,2026-09-13 14:39
499,2010,허각,하늘을 달리다,,허각,하늘을 달리다,허각 1st 미니앨범 - EP,2010,2026-09-13 14:39
500,2010,휘성,결혼까지 생각했어,,휘성,결혼까지 생각했어,RealSlow Is Back - EP,2010,2026-09-13 14:39
501,2011,달샤벳,Supa Dupa Diva,,달샤벳,Supa Dupa Diva,Supa Dupa Diva - EP,2011,2026-09-13 14:39
502,2011,미쓰에이,Good Bye Baby,,miss A,Good-Bye Baby,A Class,2011,2026-09-13 14:39
503,2011,비스트,Fiction,,비스트,Fiction,Fiction and Fact,2011,2026-09-13 14:39
504,2011,비스트,비가 오는 날엔,,비스트,비가 오는 날엔,비가 오는 날엔 - Single,2011,2026-09-13 14:39
505,2011,빅뱅,Tonight,,BIGBANG,Tonight,BIGBANG (Special Edition),2011,2026-09-13 14:39
506,2011,소녀시대,The Boys,,Girls' Generation,The Boys,The Boys - The 3rd Album,2011,2026-09-13 14:39
507,2011,씨스타,So Cool,쏘쿨,SISTAR,쏘쿨,So Cool,2011,2026-09-13 14:39
508,2011,아이유,나만 몰랐던 이야기,,아이유,나만 몰랐던 이야기,Real+ - Single,2011,2026-09-13 14:39
509,2011,아이유,내 손을 잡아,,아이유,내 손을 잡아,"최고의 사랑 (Original Television Soundtrack), Pt. 4 - Single",2011,2026-09-13 14:39
510,2011,아이유,너랑 나,You & I,아이유,너랑 나,Last Fantasy,2011,2026-09-13 14:39
511,2011,원더걸스,Be My Baby,,Wonder Girls,Be My Baby,Wonder World,2011,2026-09-13 14:39
512,2011,티아라,롤리폴리,ROLY-POLY,T-ara,ROLY-POLY,존트라볼타 워너비,2011,2026-09-13 14:39
513,2012,나인뮤지스,뉴스,,나인뮤지스,뉴스,News - Single,2012,2026-09-13 14:39
514,2012,버스커버스커,벚꽃 엔딩,Cherry Blossom Ending,버스커버스커,벚꽃 엔딩,버스커버스커 1집,2012,2026-09-13 14:39
515,2012,버스커버스커,여수 밤바다,,버스커버스커,여수 밤바다,버스커버스커 1집,2012,2026-09-13 14:39
516,2012,빅뱅,Fantastic Baby,,BIGBANG,Fantastic Baby,Alive,2012,2026-09-13 14:39
517,2012,스탠딩에그,오래된 노래,,스탠딩 에그,오래된 노래,오래된 노래 - Single,2012,2026-09-13 14:39
518,2012,싸이,강남스타일,Gangnam Style,싸이,강남스타일,"싸이6甲, Pt. 1 - EP",2012,2026-09-13 14:39
519,2012,씨스타,나 혼자,,SISTAR,나혼자,Alone,2012,2026-09-13 14:39
520,2012,양요섭 & 정은지,LOVE DAY,,양요섭 & 정은지,LOVE DAY,'A Cube' For Season # Green - Single,2012,2026-09-13 14:39
521,2012,에이핑크,Hush,,Apink,Hush,Une Annee,2012,2026-09-13 14:39
522,2012,에일리,Heaven,,에일리,HEAVEN,Invitation - EP,2012,2026-09-13 14:39
523,2012,엑소,MAMA,,EXO-K,Mama,Mama (The 1st Mini Album) - EP,2012,2026-09-13 14:39
524,2012,인피니트,추격자,The Chaser,INFINITE,추격자,Infinitize,2012,2026-09-13 14:39
525,2012,태티서,Twinkle,,소녀시대 - 태티서,Twinkle,'Twinkle' Mini Album,2012,2026-09-13 14:39
526,2012,틴탑,To You,,틴탑,To You,Artist - EP,2012,2026-09-13 14:39
527,2013,2NE1,그리워해요,,2NE1,그리워해요,그리워해요 - Single,2013,2026-09-13 14:39
528,2013,다비치,거북이,,다비치,거북이,MYSTIC BALLAD Pt. 1 - Single,2013,2026-09-13 14:39
529,2013,로이킴,봄봄봄,,로이킴,봄봄봄,봄봄봄 - Single,2013,2026-09-13 14:39
530,2013,블락비,Very Good,,블락비,Very Good,Very Good - EP,2013,2026-09-13 14:39
531,2013,소녀시대,I Got A Boy,아이 갓 어 보이,소녀시대,I Got a Boy,The 4th Album 'I Got a Boy',2013,2026-09-13 14:39
532,2013,씨스타,Give It To Me,기브 잇 투 미,SISTAR,Give It To Me,Give It To Me,2013,2026-09-13 14:39
533,2013,아이유,금요일에 만나요,,아이유,금요일에 만나요 (feat. 장이정),Modern Times – Epilogue,2013,2026-09-13 14:39
534,2013,아이유,분홍신,Red Shoes,아이유,분홍신,Modern Times,2013,2026-09-13 14:39
535,2013,엑소,늑대와 미녀,,EXO,늑대와 미녀,The 1st Album 'XOXO' (Repackage),2013,2026-09-13 14:39
536,2013,엑소,으르렁,Growl,EXO,으르렁,The 1st Album 'XOXO' (Repackage),2013,2026-09-13 14:39
537,2013,엑소,첫 눈,,EXO,첫 눈,12월의 기적 - EP,2013,2026-09-13 14:39
538,2013,자우림,"스물다섯, 스물하나",,자우림,"스물다섯, 스물하나","Goodbye, grief.",2013,2026-09-13 14:39
539,2013,정준영,병,,정준영,병이에요,병이에요 - Single,2013,2026-09-13 14:39
540,2013,크레용팝,빠빠빠,Bar Bar Bar,크레용팝,빠빠빠,빠빠빠 - Single,2013,2026-09-13 14:39
541,2014,EXID,위아래,Up & Down,EXID,Up & Down,Up & Down - Single,2014,2026-09-13 14:39
542,2014,god,미운 오리 새끼,,지오디,미운오리새끼,Chapter 8,2014,2026-09-13 14:39
543,2014,레드벨벳,행복,,레드벨벳,행복,행복 - Single,2014,2026-09-13 14:39
544,2014,성시경,너의 모든 순간,,성시경,너의 모든 순간,별에서 온 그대 (Original Soundtrack),2013,2026-09-13 14:39
545,2014,소유 정기고,썸,Some,정기고 & SoYou,썸 Some (feat. 긱스 릴보이),썸 - Single,2014,2026-09-13 14:39
546,2014,아이유,너의 의미,Meaning of You,아이유,너의 의미 (feat. 김창완),꽃갈피,2014,2026-09-13 14:39
547,2014,악동뮤지션,200%,200%,악뮤,200%,PLAY,2014,2026-09-13 14:39
548,2014,에이핑크,Mr. Chu,Mr.Chu,Apink,Mr. Chu,Pink Blossom,2014,2026-09-13 14:39
549,2014,엑소,중독,,EXO-K,중독,The 2nd Mini Album '중독' - EP,2014,2026-09-13 14:39
550,2014,자이언티,양화대교,Yanghwa BRDG,Zion.T,양화대교,양화대교 - Single,2014,2026-09-13 14:39
551,2014,태양,눈코입,"Eyes, Nose, Lips",태양,"눈, 코, 입",Rise,2014,2026-09-13 14:39
552,2014,혁오,위잉위잉,,혁오,위잉위잉,20 - EP,2014,2026-09-13 14:39
553,2015,마마무,음오아예,,마마무,음오아예,Pink Funky - EP,2015,2026-09-13 14:39
554,2015,박진영,어머님이 누구니,,박진영,어머님이 누구니 (feat. Jessi),24/34 - Single,2015,2026-09-13 14:39
555,2015,백예린,우주를 건너,,백예린,우주를 건너,FRANK - EP,2015,2026-09-13 14:39
556,2015,빅뱅,BAE BAE,,BIGBANG,BAE BAE,MADE,2015,2026-09-13 14:39
557,2015,빅뱅,BANG BANG BANG,,BIGBANG,BANG BANG BANG,A - Single,2015,2026-09-13 14:39
558,2015,빅뱅,LOSER,,BIGBANG,LOSER,M - Single,2015,2026-09-13 14:39
559,2015,아이유,스물셋,Twenty-Three,아이유,스물셋,CHAT-SHIRE,2015,2026-09-13 14:39
560,2015,아이콘,취향저격,,iKON,취향저격,WELCOME BACK - EP,2015,2026-09-13 14:39
561,2015,엑소,CALL ME BABY,,EXO,CALL ME BABY,The 2nd Album ‘EXODUS’,2015,2026-09-13 14:39
562,2015,여자친구,오늘부터 우리는,Me Gustas Tu,여자친구,오늘부터 우리는,Flower Bud - EP,2015,2026-09-13 14:39
563,2015,여자친구,유리구슬,Glass Bead,여자친구,유리구슬,Season Of Glass - EP,2015,2026-09-13 14:39
564,2015,자이언티,꺼내 먹어요,,Zion.T,꺼내 먹어요,꺼내 먹어요 - Single,2015,2026-09-13 14:39
565,2015,트와이스,Like OOH-AHH,OOH-AHH하게,TWICE,OOH-AHH하게,The Story Begins - EP,2015,2026-09-13 14:39
566,2016,라붐,상상더하기,,라붐,상상더하기,Fresh Adventure - EP,2016,2026-09-13 14:39
567,2016,마마무,넌 is 뭔들,,마마무,넌 Is 뭔들,Melting,2016,2026-09-13 14:39
568,2016,마마무,데칼코마니,,마마무,데칼코마니,Memory,2016,2026-09-13 14:39
569,2016,방탄소년단,피 땀 눈물,,방탄소년단,피 땀 눈물,YOU NEVER WALK ALONE,2016,2026-09-13 14:39
570,2016,볼빨간사춘기,우주를 줄게,Galaxy,볼빨간사춘기,우주를 줄게,Full Album RED PLANET,2016,2026-09-13 14:39
571,2016,블랙핑크,휘파람,Whistle,BLACKPINK,휘파람,SQUARE ONE - Single,2016,2026-09-13 14:39
572,2016,세븐틴,예쁘다,,세븐틴,예쁘다,FIRST 'LOVE&LETTER',2016,2026-09-13 14:39
573,2016,아이오아이,너무너무너무,,아이오아이,너무너무너무,miss me? - EP,2016,2026-09-13 14:39
574,2016,엑소,Lotto,,EXO,Lotto,LOTTO - The 3rd Album Repackage,2016,2026-09-13 14:39
575,2016,엑소,Monster,,EXO,Monster,EX’ACT - The 3rd Album,2016,2026-09-13 14:39
576,2016,여자친구,시간을 달려서,Rough,여자친구,시간을 달려서,SNOWFLAKE,2016,2026-09-13 14:39
577,2016,트와이스,CHEER UP,,TWICE,CHEER UP,PAGE TWO - EP,2016,2026-09-13 14:39
578,2016,트와이스,TT,,TWICE,TT,TWICEcoaster: LANE1,2016,2026-09-13 14:39
579,2017,뉴이스트,Where You At,,뉴이스트 W,WHERE YOU AT,"W, HERE - EP",2017,2026-09-13 14:39
580,2017,데이식스,예뻤어,,DAY6,예뻤어,Every DAY6 February - Single,2017,2026-09-13 14:39
581,2017,레드벨벳,Rookie,,레드벨벳,Rookie,Rookie - The 4th Mini Album - EP,2017,2026-09-13 14:39
582,2017,레드벨벳,빨간 맛,,레드벨벳,빨간 맛,The Red Summer - Summer Mini Album - EP,2017,2026-09-13 14:39
583,2017,멜로망스,선물,,멜로망스,선물,Moonlight - EP,2017,2026-09-13 14:39
584,2017,방탄소년단,DNA,,방탄소년단,DNA,Love Yourself 結 'Answer',2017,2026-09-13 14:39
585,2017,방탄소년단,봄날,,방탄소년단,봄날,YOU NEVER WALK ALONE,2017,2026-09-13 14:39
586,2017,볼빨간사춘기,나의 사춘기에게,,볼빨간사춘기,나의 사춘기에게,Red Diary Page.1 - EP,2017,2026-09-13 14:39
587,2017,볼빨간사춘기,썸 탈꺼야,,볼빨간사춘기,썸 탈꺼야,Red Diary Page.1 - EP,2017,2026-09-13 14:39
588,2017,브레이브걸스,롤린,,브레이브걸스,롤린,Rollin' - EP,2017,2026-09-13 14:39
589,2017,블랙핑크,마지막처럼,AS IF IT'S YOUR LAST,BLACKPINK,마지막처럼,마지막처럼 - Single,2017,2026-09-13 14:39
590,2017,선미,가시나,,선미,가시나,가시나 - Single,2017,2026-09-13 14:39
591,2017,수지,Yes No Maybe,,수지,Yes No Maybe,Yes? No? - EP,2017,2026-09-13 14:39
592,2017,아이유,밤편지,Through the Night,아이유,밤편지,밤편지 - Single,2017,2026-09-13 14:39
593,2017,아이유,이런 엔딩,,아이유,이런 엔딩,Palette,2017,2026-09-13 14:39
594,2017,에일리,첫눈처럼 너에게 가겠다,,에일리,첫눈처럼 너에게 가겠다,"도깨비, Pt. 9 (Original Television Soundtrack) - Single",2017,2026-09-13 14:39
595,2017,워너원,에너제틱,Energetic,워너원,에너제틱,1-1=0 (Nothing Without You),2017,2026-09-13 14:39
596,2017,지드래곤,무제,"무제, 2014",G-DRAGON,"무제, 2014",권지용 - EP,2017,2026-09-13 14:39
597,2017,트와이스,Knock Knock,,TWICE,KNOCK KNOCK,TWICEcoaster: LANE 2,2017,2026-09-13 14:39
598,2017,트와이스,Likey,,TWICE,LIKEY,twicetagram,2017,2026-09-13 14:39
599,2017,트와이스,Signal,,TWICE,SIGNAL,SIGNAL - EP,2017,2026-09-13 14:39
600,2018,레드벨벳,Bad Boy,,레드벨벳,Bad Boy,The Perfect Red Velvet - The 2nd Album Repackage - EP,2018,2026-09-13 14:39
601,2018,마마무,별이 빛나는 밤,,마마무,별이 빛나는 밤,Yellow Flower,2018,2026-09-13 14:39
602,2018,모모랜드,BBoom BBoom,뿜뿜,모모랜드,뿜뿜,Great! - EP,2018,2026-09-13 14:39
603,2018,바이브,가을 타나 봐,,바이브,가을 타나 봐,ABOUT ME,2018,2026-09-13 14:39
604,2018,방탄소년단,IDOL,,방탄소년단,IDOL,Love Yourself 結 'Answer',2018,2026-09-13 14:39
605,2018,벤,열애중,,벤,열애중,RECIPE,2018,2026-09-13 14:39
606,2018,볼빨간사춘기,여행,,볼빨간사춘기,여행,"Red Diary, Page. 2 - EP",2018,2026-09-13 14:39
607,2018,블랙핑크,뚜두뚜두,DDU-DU DDU-DU,BLACKPINK,뚜두뚜두,SQUARE UP - EP,2018,2026-09-13 14:39
608,2018,선미,사이렌,,선미,사이렌,WARNING - EP,2018,2026-09-13 14:39
609,2018,선미,주인공,,선미,주인공,주인공 - Single,2018,2026-09-13 14:39
610,2018,세븐틴,어쩌나,Oh My!,세븐틴,어쩌나,17 IS RIGHT HERE,2018,2026-09-13 14:39
611,2018,숀,Way Back Home,,숀,Way Back Home,Take - EP,2018,2026-09-13 14:39
612,2018,수지,다른 사람을 사랑하고 있어,,수지,다른사람을 사랑하고 있어,Faces of Love,2018,2026-09-13 14:39
613,2018,아이유,삐삐,,아이유,삐삐,삐삐 - Single,2018,2026-09-13 14:39
614,2018,아이콘,사랑을 했다,,iKON,사랑을 했다,Return,2018,2026-09-13 14:39
615,2018,엑소,Tempo,,EXO,Tempo,DON’T MESS UP MY TEMPO – The 5th Album,2018,2026-09-13 14:39
616,2018,오마이걸,불꽃놀이,,오마이걸,불꽃놀이 (Remember Me),Remember Me - EP,2018,2026-09-13 14:39
617,2018,청하,Roller Coaster,,청하,Roller Coaster,Offset - EP,2018,2026-09-13 14:39
618,2018,케이윌,내 생에 아름다운,,케이윌,내 생에 아름다운,"뷰티 인사이드, Pt. 4 (Original Television Soundtrack) - Single",2018,2026-09-13 14:39
619,2018,트와이스,What is Love?,,TWICE,What is Love?,Summer Nights,2018,2026-09-13 14:39
620,2018,폴킴,모든 날 모든 순간,,폴킴,"모든 날, 모든 순간","키스 먼저 할까요? (Original Television Soundtrack), Pt. 3 - Single",2018,2026-09-13 14:39
621,2019,ITZY,ICY,,ITZY,ICY,IT'z ICY - EP,2019,2026-09-13 14:39
622,2019,ITZY,달라달라,,ITZY,달라달라,IT'z Different - Single,2019,2026-09-13 14:39
623,2019,거미,기억해줘요 내 모든 날과 그때를,,거미,기억해줘요 내 모든 날과 그때를,호텔 델루나 (Original Soundtrack) Pt. 7 - Single,2019,2026-09-13 14:39
624,2019,노을,늦은 밤 너의 집 앞 골목길에서,,노을,늦은 밤 너의 집 앞 골목길에서,늦은 밤 너의 집 앞 골목길에서 - Single,2019,2026-09-13 14:39
625,2019,데이식스,한 페이지가 될 수 있게,,데이식스,한 페이지가 될 수 있게,The Book of Us : Gravity - EP,2019,2026-09-13 14:39
626,2019,레드벨벳,Psycho,,레드벨벳,Psycho,‘The ReVe Festival’ Finale - EP,2019,2026-09-13 14:39
627,2019,레드벨벳,음파음파,,레드벨벳,음파음파,‘The ReVe Festival’ Day 2 - EP,2019,2026-09-13 14:39
628,2019,마마무,HIP,,마마무,HIP,reality in BLACK,2019,2026-09-13 14:39
629,2019,마크툽,오늘도 빛나는 너에게,,마크툽,오늘도 빛나는 너에게,SPACE OPERA (Red Moon : Complete Edition),2019,2026-09-13 14:39
630,2019,박혜원,시든 꽃에 물을 주듯,,HYNN,시든 꽃에 물을 주듯,시든 꽃에 물을 주듯 - EP,2019,2026-09-13 14:39
631,2019,방탄소년단,작은 것들을 위한 시,Boy With Luv,방탄소년단,작은 것들을 위한 시 (Boy With Luv) [feat. Halsey],MAP OF THE SOUL : PERSONA,2019,2026-09-13 14:39
632,2019,백예린,Square,Square (2017),백예린,Square (2017),Every letter I sent you.,2019,2026-09-13 14:39
633,2019,볼빨간사춘기,워커홀릭,,볼빨간사춘기,워커홀릭,Two Five - EP,2019,2026-09-13 14:39
634,2019,블랙핑크,Kill This Love,,BLACKPINK,Kill This Love,KILL THIS LOVE - EP,2019,2026-09-13 14:39
635,2019,송하예,니 소식,,송하예,니 소식,니 소식 - Single,2019,2026-09-13 14:39
636,2019,아이유,Blueming,,아이유,Blueming,Love Poem - EP,2019,2026-09-13 14:39
637,2019,악동뮤지션,어떻게 이별까지 사랑하겠어,,악뮤,"어떻게 이별까지 사랑하겠어, 널 사랑하는 거지",항해,2019,2026-09-13 14:39
638,2019,엑소,Obsession,,EXO,Obsession,OBSESSION - The 6th Album,2019,2026-09-13 14:39
639,2019,엔플라잉,옥탑방,,엔플라잉,옥탑방,봄이 부시게 - EP,2019,2026-09-13 14:39
640,2019,잔나비,주저하는 연인들을 위해,,잔나비,주저하는 연인들을 위해,전설,2019,2026-09-13 14:39
641,2019,장범준,노래방에서,,장범준,노래방에서,장범준 3집,2019,2026-09-13 14:39
642,2019,장범준,흔들리는 꽃들 속에서 네 샴푸향이 느껴진거야,,장범준,흔들리는 꽃들 속에서 네 샴푸향이 느껴진거야,멜로가 체질 (Original Television Soundtrack),2019,2026-09-13 14:39
643,2019,창모,메테오,METEOR,창모,METEOR,Boyhood,2019,2026-09-13 14:39
644,2019,청하,Snapping,,청하,Snapping,Flourishing - EP,2019,2026-09-13 14:39
645,2019,청하,벌써 12시,,청하,벌써 12시,벌써 12시 - Single,2019,2026-09-13 14:39
646,2019,태연,불티,,태연,불티,Purpose - The 2nd Album,2019,2026-09-13 14:39
647,2019,태연,사계,,태연,사계,사계 - Single,2019,2026-09-13 14:39
648,2019,트와이스,FANCY,,TWICE,FANCY,FANCY YOU - EP,2019,2026-09-13 14:39
649,2019,트와이스,Feel Special,,TWICE,Feel Special,Feel Special,2019,2026-09-13 14:39
650,2019,폴킴,안녕,,폴킴,안녕,호텔 델루나 (Original Soundtrack) Pt.10 - Single,2019,2026-09-13 14:39
651,2019,화사,멍청이,,화사,멍청이,멍청이 - Single,2019,2026-09-13 14:39
652,2020,ITZY,WANNABE,,ITZY,WANNABE,IT'z ME,2020,2026-09-13 14:39
653,2020,pH-1,Nerdy Love,,pH-1,Nerdy Love (feat. Yerin Baek),Nerdy Love (feat. Yerin Baek) - Single,2020,2026-09-13 14:39
654,2020,가호,시작,,가호,시작,이태원 클라쓰 (Original Television Soundtrack),2020,2026-09-13 14:39
655,2020,미란이 & 먼치맨,VVS,,"미란이, 먼치맨, 쿤디판다 & 머쉬베놈",VVS (feat. JUSTHIS),쇼미더머니 9 Episode 1 - EP,2020,2026-09-13 14:39
656,2020,박진영 & 선미,When We Disco,,J.Y. Park & SUNMI,When We Disco,When We Disco (Duet Version) - Single,2020,2026-09-13 14:39
657,2020,방탄소년단,Dynamite,,방탄소년단,Dynamite,BE,2020,2026-09-13 14:39
658,2020,볼빨간사춘기,나비와 고양이,,볼빨간사춘기,나비와 고양이 (feat. 백현),사춘기집Ⅱ 꽃 본 나비 - EP,2020,2026-09-13 14:39
659,2020,브레이브걸스,운전만해,,브레이브걸스,운전만해,운전만해 - Single,2020,2026-09-13 14:39
660,2020,블랙핑크,How You Like That,,BLACKPINK,How You Like That,How You Like That - Single,2020,2026-09-13 14:39
661,2020,블랙핑크,Lovesick Girls,,BLACKPINK,Lovesick Girls,THE ALBUM,2020,2026-09-13 14:39
662,2020,세븐틴,Left & Right,,세븐틴,Left & Right,17 IS RIGHT HERE,2020,2026-09-13 14:39
663,2020,싹쓰리,다시 여기 바닷가,,싹쓰리,다시 여기 바닷가,다시 여기 바닷가 - Single,2020,2026-09-13 14:39
664,2020,아이유,에잇,,아이유,에잇 (feat. SUGA),에잇 (feat. SUGA) - Single,2020,2026-09-13 14:39
665,2020,아이즈원,Fiesta,,아이즈원,FIESTA,BLOOM*IZ,2020,2026-09-13 14:39
666,2020,에이핑크,덤더럼,,Apink,덤더럼,Look,2020,2026-09-13 14:39
667,2020,오마이걸,Dolphin,,오마이걸,Dolphin,NONSTOP - EP,2020,2026-09-13 14:39
668,2020,오마이걸,살짝 설렜어,,오마이걸,살짝 설렜어 (Nonstop),NONSTOP - EP,2020,2026-09-13 14:39
669,2020,적재,나랑 같이 걸을래,나랑 같이 걸을래 (바른연애 길잡이),적재,나랑 같이 걸을래 (바른연애 길잡이),나랑 같이 걸을래 (바른연애 길잡이) [Original Soundtrack] - Single,2020,2026-09-13 14:39
670,2020,제시,눈누난나,NUNU NANA,Jessi,NUNU NANA,NUNA - EP,2020,2026-09-13 14:39
671,2020,지코,아무노래,Any song,ZICO,아무노래,아무노래 - Single,2020,2026-09-13 14:39
672,2020,트와이스,I CAN’T STOP ME,,TWICE,I CAN’T STOP ME,Eyes wide open,2020,2026-09-13 14:39
673,2020,하현우,돌덩이,,하현우,돌덩이,이태원 클라쓰 (Original Television Soundtrack),2020,2026-09-13 14:39
674,2020,화사,마리아,,화사,마리아,María - EP,2020,2026-09-13 14:39
675,2020,환불원정대,DON'T TOUCH ME,,환불원정대,DON'T TOUCH ME,DON'T TOUCH ME - Single,2020,2026-09-13 14:39
676,2021,SOKODOMO,회전목마,,sokodomo,회전목마 (feat. Zion.T & 원슈타인),쇼미더머니 10 Episode 2 - Single,2021,2026-09-13 14:39
677,2021,STAYC,ASAP,,STAYC,ASAP,STAYDOM - EP,2021,2026-09-13 14:39
678,2021,멜로망스,고백,,멜로망스,고백,세 번째 고백 - Single,2021,2026-09-13 14:39
679,2021,방탄소년단,Butter,,방탄소년단,Butter,Proof,2021,2026-09-13 14:39
680,2021,비오,리무진,,비오,리무진 (feat. MINO & 그레이),쇼미더머니 10 Episode 3,2021,2026-09-13 14:39
681,2021,아이브,ELEVEN,,아이브,ELEVEN,ELEVEN - Single,2021,2026-09-13 14:39
682,2021,아이유,Celebrity,,아이유,Celebrity,Celebrity - Single,2021,2026-09-13 14:39
683,2021,아이유,라일락,LILAC,아이유,라일락,IU 5th Album 'LILAC',2021,2026-09-13 14:39
684,2021,악뮤,낙하,Nakka,악뮤,낙하 (with 아이유),NEXT EPISODE - EP,2021,2026-09-13 14:39
685,2021,에스파,Next Level,,aespa,Next Level,Next Level - Single,2021,2026-09-13 14:39
686,2021,에스파,Savage,,aespa,Savage,Savage - The 1st Mini Album - EP,2021,2026-09-13 14:39
687,2021,오마이걸,Dun Dun Dance,,오마이걸,Dun Dun Dance,Dear OHMYGIRL - EP,2021,2026-09-13 14:39
688,2021,이무진,신호등,,이무진,신호등,신호등 - Single,2021,2026-09-13 14:39
689,2021,태연,Weekend,,태연,Weekend,Weekend - Single,2021,2026-09-13 14:39
690,2021,투모로우바이투게더,0X1=LOVESONG,,투모로우바이투게더,0X1=LOVESONG (I Know I Love You) [feat. Seori],혼돈의 장: FREEZE,2021,2026-09-13 14:39
691,2021,트와이스,Alcohol-Free,,TWICE,Alcohol-Free,Taste of Love - EP,2021,2026-09-13 14:39
692,2022,ITZY,SNEAKERS,,ITZY,SNEAKERS,CHECKMATE,2022,2026-09-13 14:39
693,2022,WSG워너비 (가야G),그때 그 순간 그대로 (그그그),,WSG워너비 (가야G),그때 그 순간 그대로 (그그그),WSG워너비 1집 - Single,2022,2026-09-13 14:39
694,2022,나연,POP!,,NAYEON,POP!,IM NAYEON,2022,2026-09-13 14:39
695,2022,뉴진스,Attention,,뉴진스,Attention,NewJeans 1st EP 'New Jeans',2022,2026-09-13 14:39
696,2022,뉴진스,Ditto,,뉴진스,Ditto,Ditto - Single,2022,2026-09-13 14:39
697,2022,뉴진스,Hype Boy,,뉴진스,Hype Boy,NewJeans 1st EP 'New Jeans',2022,2026-09-13 14:39
698,2022,레드벨벳,Feel My Rhythm,,레드벨벳,Feel My Rhythm,'The ReVe Festival 2022 - Feel My Rhythm' - EP,2022,2026-09-13 14:39
699,2022,르세라핌,ANTIFRAGILE,,르세라핌,ANTIFRAGILE,ANTIFRAGILE - EP,2022,2026-09-13 14:39
700,2022,르세라핌,FEARLESS,,르세라핌,FEARLESS,FEARLESS - EP,2022,2026-09-13 14:39
701,2022,멜로망스,사랑인가 봐,,멜로망스,사랑인가 봐,사랑인가 봐 (사내맞선 (Original Soundtrack) 스페셜 트랙) - Single,2022,2026-09-13 14:39
702,2022,박재범,GANADARA,,박재범,GANADARA (feat. IU),GANADARA (feat. IU) - Single,2022,2026-09-13 14:39
703,2022,블랙핑크,Pink Venom,,BLACKPINK,Pink Venom,BORN PINK,2022,2026-09-13 14:39
704,2022,블랙핑크,Shut Down,,BLACKPINK,Shut Down,BORN PINK,2022,2026-09-13 14:39
705,2022,빅나티,정이라고 하자,,BIG Naughty,정이라고 하자 (feat. 10cm),정이라고 하자 (feat. 10cm) - Single,2022,2026-09-13 14:39
706,2022,빅뱅,봄여름가을겨울,,BIGBANG,봄여름가을겨울 (Still Life),봄여름가을겨울 (Still Life) - Single,2022,2026-09-13 14:39
707,2022,소녀시대,FOREVER 1,,소녀시대,FOREVER 1,FOREVER 1 - The 7th Album,2022,2026-09-13 14:39
708,2022,싸이,That That,,싸이,That That (prod.&feat. SUGA of BTS),싸다9,2022,2026-09-13 14:39
709,2022,아이들,Nxde,,i-dle,Nxde,I love - EP,2022,2026-09-13 14:39
710,2022,아이들,TOMBOY,,i-dle,TOMBOY,I NEVER DIE,2022,2026-09-13 14:39
711,2022,아이브,After LIKE,,아이브,After LIKE,After LIKE - Single,2022,2026-09-13 14:39
712,2022,아이브,LOVE DIVE,,아이브,LOVE DIVE,LOVE DIVE - Single,2022,2026-09-13 14:39
713,2022,에스파,도깨비불,Illusion,aespa,Illusion,Girls - The 2nd Mini Album (Apple Music Edition),2022,2026-09-13 14:39
714,2022,엔믹스,O.O,,NMIXX,O.O,AD MARE,2022,2026-09-13 14:39
715,2022,윤하,사건의 지평선,,윤하,사건의 지평선,YOUNHA 6th Album Repackage 'END THEORY : Final Edition',2022,2026-09-13 14:39
716,2022,임영웅,다시 만날 수 있을까,,임영웅,다시 만날 수 있을까,IM HERO,2022,2026-09-13 14:39
717,2022,지코,새삥,,ZICO,새삥 (feat. 호미들),"스트릿 맨 파이터 (SMF) Original, Vol. 3 [계급미션] [Original Television Soundtrack] - EP",2022,2026-09-13 14:39
718,2022,최예나,SMILEY,,최예나,SMILEY (feat. BIBI),SMiLEY - EP,2022,2026-09-13 14:39
719,2022,최유리,숲,,최유리,숲,유영 - Single,2022,2026-09-13 14:39
720,2022,케플러,WA DA DA,,케플러,WA DA DA,FIRST IMPACT - EP,2022,2026-09-13 14:39
721,2022,태연,INVU,,태연,INVU,INVU - The 3rd Album,2022,2026-09-13 14:39
722,2023,STAYC,Teddy Bear,,STAYC,Teddy Bear,Teddy Bear - Single,2023,2026-09-13 14:39
723,2023,뉴진스,ETA,,뉴진스,ETA,NewJeans 2nd EP 'Get Up',2023,2026-09-13 14:39
724,2023,뉴진스,OMG,,뉴진스,OMG,NewJeans 'OMG' - Single,2023,2026-09-13 14:39
725,2023,뉴진스,Super Shy,,뉴진스,Super Shy,NewJeans 'Super Shy' - Single,2023,2026-09-13 14:39
726,2023,다이나믹 듀오 & 이영지,Smoke,,다이나믹 듀오 & 이영지,Smoke,스트릿 우먼 파이터2 (SWF2) 계급미션 - EP,2023,2026-09-13 14:39
727,2023,라이즈,Get A Guitar,,RIIZE,Get A Guitar,Get A Guitar - Single,2023,2026-09-13 14:39
728,2023,르세라핌,Perfect Night,,르세라핌,Perfect Night,Perfect Night - Single,2023,2026-09-13 14:39
729,2023,르세라핌,UNFORGIVEN,,르세라핌 & Nile Rodgers,UNFORGIVEN,UNFORGIVEN,2023,2026-09-13 14:39
730,2023,르세라핌,"이브, 프시케 그리고 푸른 수염의 아내",,르세라핌,"이브, 프시케 그리고 푸른 수염의 아내",UNFORGIVEN,2023,2026-09-13 14:39
731,2023,박재정,헤어지자 말해요,Let's Say Goodbye,Parc Jae Jung,Let's Say Goodbye,Alone,2023,2026-09-13 14:39
732,2023,부석순,파이팅 해야지,,부석순,파이팅 해야지 (feat. 이영지),SECOND WIND,2023,2026-09-13 14:39
733,2023,비비지,MANIAC,,비비지,MANIAC,The 4th Mini Album 'VERSUS' - EP,2023,2026-09-13 14:39
734,2023,세븐틴,손오공,,세븐틴,손오공,세븐틴 미니10집 'FML' - EP,2023,2026-09-13 14:39
735,2023,아이들,퀸카,Queencard,i-dle,Queencard,I feel - EP,2023,2026-09-13 14:39
736,2023,아이브,Baddie,,아이브,Baddie,I'VE MINE - EP,2023,2026-09-13 14:39
737,2023,아이브,I AM,,아이브,I AM,I've IVE,2023,2026-09-13 14:39
738,2023,아이브,Kitsch,,아이브,Kitsch,Kitsch - Single,2023,2026-09-13 14:39
739,2023,악뮤,Love Lee,,악뮤,Love Lee,Love Lee - Single,2023,2026-09-13 14:39
740,2023,악뮤,후라이의 꿈,,악뮤,후라이의 꿈,Love Lee - Single,2023,2026-09-13 14:39
741,2023,에스파,Spicy,,aespa,Spicy,MY WORLD - The 3rd Mini Album - EP,2023,2026-09-13 14:39
742,2023,엔하이픈,Bite Me,,엔하이픈,Bite Me,DARK BLOOD - EP,2023,2026-09-13 14:39
743,2023,우즈,Drowning,,WOODZ,Drowning,OO-LI,2023,2026-09-13 14:39
744,2023,이무진,에피소드,,이무진,에피소드,에피소드 - Single,2023,2026-09-13 14:39
745,2023,전소미,Fast Forward,,JEON SOMI,Fast Forward,GAME PLAN - EP,2023,2026-09-13 14:39
746,2023,정국,Seven,,정국 & Latto,Seven,Seven (Alesso Remix) - EP,2023,2026-09-13 14:39
747,2023,제니,You & Me,,JENNIE,You & Me,JENNIE Special Single [You & Me] - Single,2023,2026-09-13 14:39
748,2023,지수,꽃,FLOWER,JISOO,FLOWER,ME - Single,2023,2026-09-13 14:39
749,2023,피프티피프티,Cupid,,피프티 피프티,Cupid,The Beginning: Cupid - Single,2022,2026-09-13 14:39
750,2023,하이키,건물 사이에 피어난 장미,,하이키,건물 사이에 피어난 장미,H1-KEY 1st Mini Album [Rose Blossom],2023,2026-09-13 14:39
751,2024,QWER,고민중독,,QWER,고민중독,1st Mini Album 'MANITO',2024,2026-09-13 14:39
752,2024,QWER,내 이름 맑음,,QWER,내 이름 맑음,2nd Mini Album 'Algorithm's Blossom',2024,2026-09-13 14:39
753,2024,RESCENE,LOVE ATTACK,,리센느,LOVE ATTACK,SCENEDROME - EP,2024,2026-09-13 14:39
754,2024,뉴진스,Bubble Gum,,뉴진스,Bubble Gum,How Sweet - EP,2024,2026-09-13 14:39
755,2024,뉴진스,How Sweet,,뉴진스,How Sweet,How Sweet - EP,2024,2026-09-13 14:39
756,2024,뉴진스,Supernatural,,뉴진스,Supernatural,Supernatural - Single,2024,2026-09-13 14:39
757,2024,데이식스,HAPPY,,DAY6,HAPPY,Fourever,2024,2026-09-13 14:39
758,2024,데이식스,Welcome to the Show,,데이식스,Welcome to the Show,Fourever,2024,2026-09-13 14:39
759,2024,라이즈,Love 119,,RIIZE,Love 119,Love 119 - Single,2024,2026-09-13 14:39
760,2024,로제,APT.,,ROSÉ & Bruno Mars,APT.,rosie,2024,2026-09-13 14:39
761,2024,르세라핌,HOT,1-800-hot-n-fun,르세라핌,1-800-hot-n-fun,CRAZY - EP,2024,2026-09-13 14:39
762,2024,베이비몬스터,DRIP,,BABYMONSTER,DRIP,DRIP,2024,2026-09-13 14:39
763,2024,베이비몬스터,SHEESH,,BABYMONSTER,SHEESH,BABYMONS7ER - EP,2024,2026-09-13 14:39
764,2024,비비,밤양갱,,비비,밤양갱,밤양갱 - Single,2024,2026-09-13 14:39
765,2024,세븐틴,MAESTRO,,세븐틴,MAESTRO,17 IS RIGHT HERE,2024,2026-09-13 14:39
766,2024,아이들,나는 아픈 건 딱 질색이니까,Fate,i-dle,Fate,2,2024,2026-09-13 14:39
767,2024,아이들,클락션,Klaxon,i-dle,Klaxon,I SWAY - EP,2024,2026-09-13 14:39
768,2024,아이브,해야,HEYA,IVE,HEYA,IVE SWITCH - EP,2024,2026-09-13 14:39
769,2024,아이유,Love wins all,,아이유,Love wins all,Love wins all - Single,2024,2026-09-13 14:39
770,2024,아이유,홀씨,,아이유,홀씨,The Winning - EP,2024,2026-09-13 14:39
771,2024,아일릿,Magnetic,,아일릿,Magnetic,SUPER REAL ME - EP,2024,2026-09-13 14:39
772,2024,에스파,Armageddon,,aespa,Armageddon,Armageddon - The 1st Album,2024,2026-09-13 14:39
773,2024,에스파,Supernova,,aespa,Supernova,Supernova - Single,2024,2026-09-13 14:39
774,2024,에스파,Whiplash,,aespa,Whiplash,Whiplash - The 5th Mini Album - EP,2024,2026-09-13 14:39
775,2024,엔믹스,Dash,,NMIXX,DASH,Fe3O4: BREAK,2024,2026-09-13 14:39
776,2024,엔하이픈,XO (Only If You Say Yes),,엔하이픈,XO (Only If You Say Yes),ROMANCE : UNTOLD,2024,2026-09-13 14:39
777,2024,이무진,청춘만화,,이무진,청춘만화,만화 (滿花) - EP,2024,2026-09-13 14:39
778,2024,이영지,Small girl,,이영지,Small girl (feat. 도경수),16 fantasy - EP,2024,2026-09-13 14:39
779,2024,이클립스,소나기,,이클립스,소나기,"선재 업고 튀어, Pt. 1 (Original Soundtrack)",2024,2026-09-13 14:39
780,2024,제니,Mantra,,제니,Mantra,Mantra - Single,2024,2026-09-13 14:39
781,2024,지드래곤,HOME SWEET HOME,,G-DRAGON,HOME SWEET HOME (feat. TAEYANG & DAESUNG),HOME SWEET HOME (feat. TAEYANG & DAESUNG) - Single,2024,2026-09-13 14:39
782,2024,지드래곤,POWER,,G-DRAGON,POWER,POWER - Single,2024,2026-09-13 14:39
783,2024,지코,SPOT!,,ZICO,SPOT! (feat. JENNIE),SPOT! (feat. JENNIE) - Single,2024,2026-09-13 14:39
784,2024,크러쉬,미안해 미워해 사랑해,,Crush,미안해 미워해 사랑해,"눈물의 여왕 (Original Television Soundtrack), Pt.4 - Single",2024,2026-09-13 14:39
785,2024,키스오브라이프,Sticky,,KISS OF LIFE,Sticky,Sticky - Single,2024,2026-09-13 14:39
786,2024,투어스,첫 만남은 계획대로 되지 않아,Plot Twist,투어스,첫 만남은 계획대로 되지 않아,투어스 미니 1집 'Sparkling Blue' - EP,2024,2026-09-13 14:39
787,2024,프로미스나인,Supersonic,,fromis_9,Supersonic,Supersonic - Single,2024,2026-09-13 14:39
788,2024,황가람,나는 반딧불,,황가람,나는 반딧불,나는 반딧불 - Single,2024,2026-09-13 14:39
789,2025,10cm,너에게 닿기를,,10CM,너에게 닿기를,너에게 닿기를 - Single,2025,2026-09-13 14:39
790,2025,CORTIS,GO!,,코르티스,GO!,COLOR OUTSIDE THE LINES - EP,2025,2026-09-13 14:39
791,2025,Hearts2Hearts,Style,,Hearts2Hearts,STYLE,STYLE - Single,2025,2026-09-13 14:39
792,2025,KiiiKiii,I DO ME,,키키,I DO ME,I DO ME - Single,2025,2026-09-13 14:39
793,2025,MEOVV,HANDS UP,,MEOVV,HANDS UP,HANDS UP - Single,2025,2026-09-13 14:39
794,2025,NMIXX,Blue Valentine,,NMIXX,Blue Valentine,Blue Valentine,2025,2026-09-13 14:39
795,2025,데이식스,Maybe Tomorrow,,데이식스,Maybe Tomorrow,Maybe Tomorrow - Single,2025,2026-09-13 14:39
796,2025,르세라핌,Come Over,,르세라핌,Come Over,HOT - EP,2025,2026-09-13 14:39
797,2025,마크툽,시작의 아이,,마크툽,시작의 아이,시작의 아이 - Single,2025,2026-09-13 14:39
798,2025,보이넥스트도어,"IF I SAY, I LOVE YOU",,보이넥스트도어,"IF I SAY, I LOVE YOU",No Genre,2025,2026-09-13 14:39
799,2025,보이넥스트도어,오늘만 I LOVE YOU,,보이넥스트도어,오늘만 I LOVE YOU,오늘만 I LOVE YOU - Single,2025,2026-09-13 14:39
800,2025,블랙핑크,JUMP,뛰어,BLACKPINK,뛰어(JUMP),뛰어(JUMP) - Single,2025,2026-09-13 14:39
801,2025,아이들,Girlfriend,,i-dle,Girlfriend,We are - EP,2025,2026-09-13 14:39
802,2025,아이브,ATTITUDE,,IVE,ATTITUDE,IVE EMPATHY - EP,2025,2026-09-13 14:39
803,2025,아이브,Rebel Heart,,아이브,REBEL HEART,IVE EMPATHY - EP,2025,2026-09-13 14:39
804,2025,아이브,XOXZ,,아이브,XOXZ,IVE SECRET - EP,2025,2026-09-13 14:39
805,2025,에스파,Dirty Work,,aespa,Dirty Work,Dirty Work (Apple Music Edition) - EP,2025,2026-09-13 14:39
806,2025,에이티즈,Lemon Drop,레몬 드롭,에이티즈,Lemon Drop,GOLDEN HOUR : Part.3 - EP,2025,2026-09-13 14:39
807,2025,엔믹스,Know About Me,,NMIXX,KNOW ABOUT ME,Fe3O4: FORWARD - EP,2025,2026-09-13 14:39
808,2025,올데이프로젝트,FAMOUS,,ALLDAY PROJECT,FAMOUS,FAMOUS - Single,2025,2026-09-13 14:39
809,2025,우즈,I'll Never Love Again,,WOODZ,I'll Never Love Again,I’ll Never Love Again - Single,2025,2026-09-13 14:39
810,2025,제니,Seoul City,,제니,Seoul City,Ruby,2025,2026-09-13 14:39
811,2025,조째즈,모르시나요,,조째즈,모르시나요,모르시나요 - Single,2025,2026-09-13 14:39
812,2025,지드래곤,TOO BAD,,G-DRAGON & Anderson .Paak,TOO BAD,Übermensch,2025,2026-09-13 14:39
813,2025,키스오브라이프,Lips Hips Kiss,,KISS OF LIFE,Lips Hips Kiss,224,2025,2026-09-13 14:39
814,2025,텐,STUNNER,,텐,STUNNER,STUNNER - The 2nd Mini Album,2025,2026-09-13 14:39
815,2025,트레저,YELLOW,,TREASURE,YELLOW,SPECIAL MINI ALBUM [PLEASURE] - EP,2025,2026-09-13 14:39
816,2025,헌트릭스,Golden,,"HUNTR/X, EJAE, AUDREY NUNA, REI AMI & KPop Demon Hunters Cast",Golden,KPop Demon Hunters (Soundtrack from the Netflix Film),2025,2026-09-13 14:39
817,2025,화사,Good Goodbye,,화사,Good Goodbye,Good Goodbye - Single,2025,2026-09-13 14:39
818,2026,CORTIS,RedRed,,코르티스,REDRED,GREENGREEN - EP,2026,2026-09-13 14:39
819,2026,Hearts2Hearts,RUDE!,,Hearts2Hearts,RUDE!,RUDE! - Single,2026,2026-09-13 14:39
820,2026,KiiiKiii,404 (New Era),,키키,404 (New Era),Delulu Pack - EP,2026,2026-09-13 14:39
821,2026,방탄소년단,Hooligan,,방탄소년단,Hooligan,ARIRANG,2026,2026-09-13 14:39
822,2026,방탄소년단,Swim,,방탄소년단,SWIM,ARIRANG,2026,2026-09-13 14:39
823,2026,블랙핑크,Champion,,BLACKPINK,Champion,DEADLINE - EP,2026,2026-09-13 14:39
824,2026,아이오아이,갑자기,Suddenly,아이오아이,갑자기,I.O.I 3rd MINI ALBUM (I.O.I : LOOP) - EP,2026,2026-09-13 14:39
825,2026,악동뮤지션,소문의 낙원,,악뮤,소문의 낙원,개화,2026,2026-09-13 14:39
826,2026,에스파,Lemonade,,aespa,LEMONADE,LEMONADE - The 2nd Album,2026,2026-09-13 14:39
827,2026,엑소,Crown,,EXO,Crown,REVERXE - The 8th Album,2026,2026-09-13 14:39
828,2026,엔하이픈,Lost Island,,엔하이픈,Lost Island,THE SIN : VANISH,2026,2026-09-13 14:39
