번호,첫방영연도,작품,배역,배우,곡명,가수,iTunes가수,iTunes곡명,음반,음반연도,판
1,1991,사랑이 뭐길래,이대발 · 박지은,최민수 · 하희라,타타타,김국환,김국환,타타타,타타타,,2026-08-28 14:20
2,1992,내일은 사랑,신범수 · 유현경,이병헌 · 고소영,내일은 사랑,이후종,이후종,내일은 사랑,내일은 사랑 (Original Television Soundtrack),,2026-08-28 14:20
3,1992,질투,하영호 · 유하경,최수종 · 최진실,질투,유승범,유승범,질투,질투 (Original Sound Track),,2026-08-28 14:20
4,1993,걸어서 하늘까지,정종호 · 임지숙,최민수 · 김혜선,걸어서 하늘까지,장현철,장현철,걸어서 하늘까지,걸어서 하늘까지 (Original Television Soundtrack),,2026-08-28 14:20
5,1994,느낌,한빈 · 유리,손지창 · 우희진,그대와 함께,손지창 & 김민종,손지창 & 김민종,그대와 함께,느낌 (Original TV Soundtrack),,2026-08-28 14:20
6,1994,마지막 승부,윤철준 · 정다슬,장동건 · 심은하,마지막 승부,김민교,김민교,마지막 승부,마지막 승부 (Original Television Soundtrack),,2026-08-28 14:20
7,1994,사랑을 그대 품안에,강풍호 · 이진주,차인표 · 신애라,사랑을 그대 품안에,최진영,최진영,사랑을 그대 품안에,"Love, Forever",,2026-08-28 14:20
8,1994,서울의 달,김홍식 · 차영숙,한석규 · 채시라,서울의 달,장철웅,장철웅,서울의 달,서울의 달 (Original Television Soundtrack),,2026-08-28 14:20
9,1994,종합병원,김도훈 · 이정화,이재룡 · 신은경,혼자만의 사랑,김태영,김태영,혼자만의 사랑,Kim Tae Young 1,,2026-08-28 14:20
10,1997,그대 그리고 나,윤수경 · 박동규,최진실 · 박상원,바람과 함께 부르는 노래,조혜리,조혜리,바람과 함께 부르는 노래 (시연 Love 테마),그대 그리고 나 Original Motion Picture Soundtrack,,2026-08-28 14:20
11,1997,모델,송경린 · 제임스 리,김남주 · 장동건,너 하나만 사랑해,고한우,고한우,너 하나만 사랑해,암연,,2026-08-28 14:20
12,1997,별은 내 가슴에,강민 · 이연이,안재욱 · 최진실,Forever,안재욱,안재욱,Forever,Forever,,2026-08-28 14:20
13,1998,미스터Q,이강토 · 한해원,김민종 · 김희선,세상 끝에서의 시작,김민종,김민종,세상 끝에서의 시작,"김민종 4집 ""애""",,2026-08-28 14:20
14,2000,가을동화,윤준서 · 윤은서,송승헌 · 송혜교,기도,정일영,정일영,기도,가을동화 (Original Television Soundtrack),,2026-08-28 14:20
15,2001,아름다운 날들,이민철 · 김연수,이병헌 · 최지우,약속,제로,제로,약속,SBS 드라마 아름다운 날들 (Original Television Soundtrack),,2026-08-28 14:20
16,2002,겨울연가,강준상 · 정유진,배용준 · 최지우,처음부터 지금까지,류,류,처음부터지금까지,겨울연가 (Original Television Soundtrack),,2026-08-28 14:20
17,2002,로망스,김채원 · 최관우,김하늘 · 김재원,이별이 오지 못하게,이가은,페이지,이별이 오지 못하게,Unforgettable,,2026-08-28 14:20
18,2002,야인시대,김두한 · 설향,안재모 · 허영란,야인Ⅰ,강성,강성,야인Ⅰ,야인시대 (Original Soundtrack),,2026-08-28 14:20
19,2002,인어아가씨,은아리영 · 이주왕,장서희 · 김성택,내 아픈 사랑,True Bird,True Bird,내 아픈 사랑,인어아가씨 (Original Soundtrack),,2026-08-28 14:20
20,2003,다모,장채옥 · 황보윤,하지원 · 이서진,비가,김범수,김범수,비가,다모 OST - Single,,2026-08-28 14:20
21,2003,대장금,서장금 · 민정호,이영애 · 지진희,오나라,김지현,"김지현, 백보현 & 김슬기",오나라 I,대장금 (Original Television Soundtrack),,2026-08-28 14:20
22,2003,올인,이인하 · 민수연,이병헌 · 송혜교,처음 그날처럼,박용하,박용하,처음 그 날처럼,올인 (Original Soundtrack),,2026-08-28 14:20
23,2003,천국의 계단,차송주 · 한정서,권상우 · 최지우,보고 싶다,김범수,김범수,천국의 계단 (Original Soundtrack) - 보고 싶다,천국의 계단 (Original Soundtrack) - 보고 싶다 - Single,,2026-08-28 14:20
24,2004,미안하다 사랑한다,차무혁 · 송은채,소지섭 · 임수정,눈의 꽃,박효신,박효신,눈의 꽃,미안하다 사랑한다 (Original Television Soundtrack),,2026-08-28 14:20
25,2004,발리에서 생긴 일,이수정 · 강인욱,하지원 · 소지섭,그게 사랑이니까,안젤로,안젤로,그게 사랑이니까,발리에서 생긴 일 (Original Television Soundtrack),,2026-08-28 14:20
26,2004,아일랜드,강국 · 이중아,현빈 · 이나영,그대로 있어주면 돼,김장훈,김장훈,그대로 있어주면 돼,아일랜드 (Original Soundtrack),,2026-08-28 14:20
27,2004,파리의 연인,한기주 · 강태영,박신양 · 김정은,너의 곁으로,조성모,조성모,너의 곁으로,파리의 연인 (Original Sound Track),,2026-08-28 14:20
28,2004,해신,장보고 · 정화,최수종 · 수애,니가 날 떠나,김범수,김범수,니가 날 떠나,해신 (Original Television Soundtrack),,2026-08-28 14:20
29,2005,내 이름은 김삼순,현진헌 · 김삼순,현빈 · 김선아,She Is,클래지콰이,클래지콰이,She Is,내 이름은 김삼순 (Original Television Soundtrack),,2026-08-28 14:20
30,2005,마이걸,설공찬 · 주유린,이동욱 · 이다해,상어를 사랑한 인어,조관우,조관우,상어를 사랑한 인어,마이 걸 (Original Television Soundtrack),,2026-08-28 14:20
31,2005,슬픈연가,서준영 · 박혜인,권상우 · 김희선,사랑한다면,윤건,윤건,사랑한다면,슬픈 연가 - Yoongun's Sad Love Story,,2026-08-28 14:20
32,2005,프라하의 연인,최상현 · 윤재희,김주혁 · 전도연,프라하성에서,최성욱,최성욱,프라하성에서,프라하의 연인 OST,,2026-08-28 14:20
33,2006,궁,이신 · 신채경,주지훈 · 윤은혜,사랑인가요,하울 제이,하울 & 제이,사랑인가요,궁 (Original Television Soundtrack),,2026-08-28 14:20
34,2006,봄의 왈츠,윤재하 · 박은영,서도영 · 한효주,One Love,러브홀릭,러브홀릭,One Love (SBS 드라마 ′봄의 왈츠′ Original Soundtrack),Dramatic&Cinematic,,2026-08-28 14:20
35,2006,소문난 칠공주,나설칠 · 연하남,이태란 · 박해진,단 한사람,고유진,고유진,단 한사람,소문난 칠공주 (Original Television Soundtrack),,2026-08-28 14:20
36,2006,주몽,주몽 · 소서노,송일국 · 한혜진,하늘이여 제발,인순이,인순이,"하늘이여 제발 (From ""주몽"")",Drama Original Soundtrack Collection : 뒷걸음,,2026-08-28 14:20
37,2006,환상의 커플,나상실 · 장철수,한예슬 · 오지호,괜히 나만 미워해,베니,베니,괜히 나만 미워해,환상의 커플 (Original Television Soundtrack),,2026-08-28 14:20
38,2006,황진이,황진이 · 김은호,하지원 · 장근석,꽃날,서웅석,서웅석,꽃날,황진이 (Original Television Soundtrack),,2026-08-28 14:20
39,2007,개와 늑대의 시간,이수현 · 서지우,이준기 · 남상미,Foolish Heart,이수,이수,Foolish Heart,개와늑대의시간 TIME BETWEEN DOG AND WOLF,,2026-08-28 14:20
40,2007,뉴하트,이은성 · 남혜석,지성 · 김민정,내겐 사랑하나…,타루,타루,내겐 사랑하나…,뉴하트 (Original Soundtrack),,2026-08-28 14:20
41,2007,메리대구 공방전,강대구 · 황메리,지현우 · 이하나,One & One,지현우,지현우,One & One,메리 대구 공방전 (Original Television Soundtrack),,2026-08-28 14:20
42,2007,이산,이산 · 성송연,이서진 · 한지민,소녀,임세현,임세현,소녀,이산 - 적주용명수 (Original Soundtrack),,2026-08-28 14:20
43,2007,쩐의 전쟁,금나라 · 서주희,박신양 · 박진희,일년을 하루같이,바비킴,바비킴,일년을 하루같이,쩐의전쟁 the Original (Original Television Soundtrack) - EP,,2026-08-28 14:20
44,2007,커피프린스 1호점,최한결 · 고은찬,공유 · 윤은혜,커피 한잔 어때? (feat. 요조),허밍어반스테레오,허밍어반스테레오,커피 한잔 어때? (feat. 요조),커피프린스 1호점 (Original Television Soundtrack),,2026-08-28 14:20
45,2008,베토벤 바이러스,강마에 · 두루미,김명민 · 이지아,들리나요...,태연,태연,들리나요...,베토벤 바이러스 (Original Television Soundtrack),,2026-08-28 14:20
46,2008,에덴의 동쪽,이동철 · 국영란,송승헌 · 이연희,운명을 거슬러,SG Wannabe,SG Wannabe,운명을 거슬러,에덴의 동쪽 (Original Soundtrack),,2026-08-28 14:20
47,2008,일지매,이겸 · 은채,이준기 · 한효주,화신,박효신,박효신,화신,일지매 (Original Television Soundtrack),,2026-08-28 14:20
48,2008,쾌도 홍길동,홍길동 · 허이녹,강지환 · 성유리,만약에,태연,태연,만약에,쾌도 홍길동 (Original Television Soundtrack),,2026-08-28 14:20
49,2008,타짜,고니 · 난숙,장혁 · 한예슬,Reason (Male ver.),바비킴,바비킴,Reason (Male ver.),타짜 (Original TV Soundtrack),,2026-08-28 14:20
50,2009,꽃보다 남자,구준표 · 금잔디,이민호 · 구혜선,Stand By Me,SHINee,SHINee,Stand By Me,꽃보다 남자 (Original Television Soundtrack),,2026-08-28 14:20
51,2009,내조의 여왕,천지애 · 온달수,김남주 · 오지호,여우랍니다,이수영,이수영,여우랍니다,내조의 여왕 (Original Television Soundtrack) [Deluxe],,2026-08-28 14:20
52,2009,미남이시네요,황태경 · 고미남,장근석 · 박신혜,여전히,이홍기,이홍기,여전히,미남이시네요 (Original Television Soundtrack),,2026-08-28 14:20
53,2009,선덕여왕,덕만 · 미실,이요원 · 고현정,바람꽃,아이유,아이유,바람꽃,선덕여왕 (Original Television Soundtrack),,2026-08-28 14:20
54,2009,스타일,박기자 · 서우진,김혜수 · 류시원,죽기 아니면 살기,바비킴,바비킴,죽기 아니면 살기,드림 Dream (SBS 월화드라마) [Original Television Soundtrack],,2026-08-28 14:20
55,2009,시티홀,조국 · 신미래,차승원 · 김선아,불안한 사랑,호란,호란,불안한 사랑,시티홀 City Hall (SBS 수목드라마) [Original Television Soundtrack],,2026-08-28 14:20
56,2009,아가씨를 부탁해,강혜나 · 동찬,윤은혜 · 윤상현,마음을 부탁해,정재욱,정재욱,마음을 부탁해,아가씨를 부탁해 (Original Television Soundtrack) - EP,,2026-08-28 14:20
57,2009,찬란한 유산,선우환 · 고은성,이승기 · 한효주,내 가슴에 사는 사람,이수,이수,내 가슴에 사는 사람,SBS 드라마 찬란한 유산 (Original Television Soundtrack),,2026-08-28 14:20
58,2010,검사 프린세스,마혜리 · 서인우,김소연 · 박시후,Fly High,샤이니,SHINee,Fly High,검사 프린세스 (Original Sound Track),,2026-08-28 14:20
59,2010,동이,동이 · 숙종,한효주 · 지진희,천애지아,장나라,장나라,천애지아,동이 (Original Television Soundtrack),,2026-08-28 14:20
60,2010,성균관 스캔들,이선준 · 김윤희,박유천 · 박민영,찾았다,JYJ,JYJ,찾았다,성균관 스캔들 (Original Soundtrack),,2026-08-28 14:20
61,2010,시크릿 가든,김주원 · 길라임,현빈 · 하지원,그 남자,현빈,현빈,그 남자,"시크릿가든 (Original Television Soundtrack), Pt. 5",,2026-08-28 14:20
62,2010,신데렐라 언니,송은조 · 홍기훈,문근영 · 천정명,너 아니면 안돼,예성,예성,너 아니면 안돼,신데렐라 언니 (Original Television Soundtrack),,2026-08-28 14:20
63,2010,자이언트,이강모 · 황정연,이범수 · 박진희,그대가,이카,이카,그대가,자이언트 (Original Soundtrack),,2026-08-28 14:20
64,2010,추노,이대길 · 언년이,장혁 · 이다해,낙인,임재범,임재범,낙인,추노 (Original Television Soundtrack),,2026-08-28 14:20
65,2010,파스타,최현욱 · 서유경,이선균 · 공효진,귀여운 넌,정아,정아,귀여운 넌,파스타 (Original Soundtrack) Part.2 - EP,,2026-08-28 14:20
66,2011,공주의 남자,김승유 · 이세령,박시후 · 문채원,기다릴게,하동균 & 이정,하동균 & 이정,기다릴게,공주의남자 (Original Television Soundtrack),,2026-08-28 14:20
67,2011,드림하이,송삼동 · 고혜미,김수현 · 배수지,사랑하면 안될까,창민 & 정진운,창민 & 정진운,사랑하면 안될까,드림하이 (Original Television Soundtrack),,2026-08-28 14:20
68,2011,마이 프린세스,박해영 · 이설,송승헌 · 김태희,그 사람을 아껴요,양요섭,양요섭,그 사람을 아껴요,"마이 프린세스, Pt. 2 (Original Soundtrack)",,2026-08-28 14:20
69,2011,보스를 지켜라,차지헌 · 노은설,지성 · 최강희,우리 그냥 사랑하게 해 주세요,Apink,Apink,우리 그냥 사랑하게 해주세요,보스를 지켜라 (Original Soundtrack) Part.1 - Single,,2026-08-28 14:20
70,2011,시티헌터,이윤성 · 김나나,이민호 · 박민영,So Goodbye,종현,종현,So Goodbye,시티헌터 (Original Television Soundtrack),,2026-08-28 14:20
71,2011,최고의 사랑,독고진 · 구애정,차승원 · 공효진,두근두근,써니힐,써니힐,두근두근,최고의 사랑 (Original Television Soundtrack),,2026-08-28 14:20
72,2012,각시탈,이강토 · 목단,주원 · 진세연,심판의 날,주원 & 이정현,주원 & 이정현,심판의 날,KBS 특별기획드라마 각시탈 (Original Sound Track),,2026-08-28 14:20
73,2012,넝쿨째 굴러온 당신,방귀남 · 차윤희,유준상 · 김남주,넝쿨송,걸스데이,걸스데이,넝쿨송,KBS 주말드라마 넝쿨째 굴러온 당신 (Original Soundtrack) Pt. 5 - Single,,2026-08-28 14:20
74,2012,사랑비,서준 · 정하나,장근석 · 윤아,사랑비,장근석,장근석,사랑비,사랑비 (Original Soundtrack),,2026-08-28 14:20
75,2012,신의,최영 · 은수,이민호 · 김희선,Carry On,알리,알리,Carry On,신의 (Original Television Soundtrack),,2026-08-28 14:20
76,2012,아랑사또전,아랑 · 은오,신민아 · 이준기,서털구털,박요한,박요한,서털구털,아랑사또전 (Original Television Soundtrack),,2026-08-28 14:20
77,2012,옥탑방 왕세자,이각 · 박하,박유천 · 한지민,상처,알리,알리,상처,옥탑방 왕세자 (Original Soundtrack) Part.1 - EP,,2026-08-28 14:20
78,2012,응답하라 1997,윤윤제 · 성시원,서인국 · 정은지,All For You,서인국,서인국 & 정은지,All for You,"응답하라 1997 - Love Story, Pt. 1 (Original Television Soundtrack) - Single",,2026-08-28 14:20
79,2012,해를 품은 달,이훤 · 허연우,김수현 · 한가인,시간을 거슬러,린,린,시간을 거슬러,MBC 드라마 해를 품은 달 OST (Special Edition),,2026-08-28 14:20
80,2012,해운대 연인들,이태성 · 소라,김강우 · 조여정,해운대 연인들,남규리,Nam Gyu Ri,해운대 연인들,해운대 연인들 (Original Soundtrack),,2026-08-28 14:20
81,2013,구가의 서,최강치 · 담여울,이승기 · 배수지,구가의 서,박세준,박세준,구가의 서,구가의 서 (Original Television Soundtrack),,2026-08-28 14:20
82,2013,굿닥터,박시온 · 차윤서,주원 · 문채원,사랑하고 있습니다,투빅,투빅,사랑하고 있습니다,KBS2 월화드라마 굿 닥터 (Original Soundtrack),,2026-08-28 14:20
83,2013,그 겨울 바람이 분다,오수 · 오영,조인성 · 송혜교,겨울사랑,The One,The One,겨울사랑,"그 겨울, 바람이 분다 (Original TV Series Soundtrack), Pt. 2 - Single",,2026-08-28 14:20
84,2013,나인,박선우 · 주민영,이진욱 · 조윤희,아홉 개의 향,이지혜,이지혜,아홉 개의 향,"나인: 아홉 번의 시간여행 (Original TV Series Soundtrack), Pt. 1 - Single",,2026-08-28 14:20
85,2013,너의 목소리가 들려,박수하 · 장혜성,이종석 · 이보영,에코,에브리 싱글 데이,에브리 싱글 데이,에코,"너의 목소리가 들려 (Original Television Soundtrack), Pt. 1 - EP",,2026-08-28 14:20
86,2013,별에서 온 그대,도민준 · 천송이,김수현 · 전지현,My Destiny,린,린,My Destiny,별에서 온 그대 (Original Soundtrack) Part.1 - Single,,2026-08-28 14:20
87,2013,상속자들,김탄 · 차은상,이민호 · 박신혜,Moment,창민,이창민,Moment,"상속자들, Pt. 3 (Original Television Soundtrack) - Single",,2026-08-28 14:20
88,2013,응답하라 1994,쓰레기 · 성나정,정우 · 고아라,운명,김성균 & 도희,김성균 & 도희,운명,응답하라 1994 감독판 (Original Television Soundtrack),,2026-08-28 14:20
89,2013,장옥정 사랑에 살다,장옥정 · 이순,김태희 · 유아인,꿈에서라도,지아,지아,꿈에서라도,"장옥정, 사랑에 살다 (Original Television Soundtrack), Pt. 2 - Single",,2026-08-28 14:20
90,2013,주군의 태양,주중원 · 태공실,소지섭 · 공효진,미치게 만들어,효린,효린,미치게 만들어,주군의 태양 (Original Television Soundtrack),,2026-08-28 14:20
91,2013,총리와 나,권율 · 남다정,이범수 · 임윤아,발걸음,태민,태민,발걸음,총리와 나 (Original Television Soundtrack),,2026-08-28 14:20
92,2013,황금의 제국,장태주 · 최서윤,고수 · 이요원,피의 춤,이념,이념,피의 춤,황금의 제국 (Original Soundtrack),,2026-08-28 14:20
93,2014,골든크로스,강도윤 · 서이레,김강우 · 이시영,Island,모세,모세,Island,"골든크로스 (Original Television Soundtrack), Pt.1 - Single",,2026-08-28 14:20
94,2014,괜찮아 사랑이야,장재열 · 지해수,조인성 · 공효진,괜찮아 사랑이야,다비치,다비치,괜찮아 사랑이야,"괜찮아 사랑이야, Vol. 1 (Original Television Soundtrack)",,2026-08-28 14:20
95,2014,닥터 이방인,박훈 · 한승희,이종석 · 진세연,이방인,바비킴,바비킴,이방인,닥터 이방인 (Original Television Soundtrack),,2026-08-28 14:20
96,2014,미생,장그래 · 안영이,임시완 · 강소라,날아,이승열,이승열,날아,미생 (Original Television Soundtrack),,2026-08-28 14:20
97,2014,쓰리데이즈,한태경 · 이차영,박유천 · 박하선,"널 사랑한다, 지운다, 또 운다",신용재,신용재,"널 사랑한다, 지운다, 또 운다",쓰리 데이즈 (Original Soundtrack) Pt. 3 - Single,,2026-08-28 14:20
98,2014,왕의 얼굴,광해 · 김가희,서인국 · 조윤희,그대라서,손승연,Seung Yeon Son,그대라서,왕의 얼굴 (Original Soundtrack),,2026-08-28 14:20
99,2014,운명처럼 널 사랑해,이건 · 김미영,장혁 · 장나라,잠시 안녕처럼,에일리,에일리,잠시 안녕처럼,운명처럼 널 사랑해 (Original Sound Track) Pt. 6 - Single,,2026-08-28 14:20
100,2014,조선총잡이,박윤강 · 정수인,이준기 · 남상미,連 - 다홍치마,Five Sense,Five Sense,連 - 다홍치마,조선총잡이 (Original Television Soundtrack),,2026-08-28 14:20
101,2014,태양은 가득히,정세로 · 한영원,윤계상 · 한지혜,태양은 가득히,양파,yangpa,태양은 가득히,"태양은 가득히 (Original Television Soundtrack), Pt. 4 - Single",,2026-08-28 14:20
102,2014,힐러,서정후 · 채영신,지창욱 · 박민영,Eternal Love,Michael Learns To Rock,Michael Learns to Rock,Eternal Love,Healer (Original Television Soundtrack),,2026-08-28 14:20
103,2015,그녀는 예뻤다,지성준 · 김혜진,박서준 · 황정음,모르나봐,SoYou,SoYou & 브라더수,모르나봐,"그녀는 예뻤다 (Original Television Soundtrack), Pt. 4 - Single",,2026-08-28 14:20
104,2015,냄새를 보는 소녀,최무각 · 오초림,박유천 · 신세경,아리송해,김은영 & 장이정(히스토리),김은영 & 장이정(히스토리),아리송해,냄새를 보는 소녀 (Original Television Soundtrack),,2026-08-28 14:20
105,2015,두번째 스무살,하노라 · 차현석,최지우 · 이상윤,두번째 스무살 Title,잔나비,잔나비,두번째 스무살 Title,두번째 스무살 (Original Television Soundtrack),,2026-08-28 14:20
106,2015,맨도롱 또똣,백건우 · 이정주,유연석 · 강소라,더 가까이,효린,효린,더 가까이,맨도롱 또똣 (Original Television Soundtrack),,2026-08-28 14:20
107,2015,오 나의 귀신님,강선우 · 나봉선,조정석 · 박보영,오! 나의 귀신님,한소현,한소현 & 제이미 박,오! 나의 귀신님,오 나의 귀신님 (Original Television Soundtrack),,2026-08-28 14:20
108,2015,용팔이,김태현 · 한여진,주원 · 김태희,용팔이,박기헌,박기헌,용팔이,용팔이 (Music from the Original TV Series),,2026-08-28 14:20
109,2015,응답하라 1988,김정환 · 성덕선,류준열 · 혜리,청춘,김필,김필,청춘 (feat. 김창완),"응답하라 1988, Pt. 1 (Original Television Soundtrack) - Single",,2026-08-28 14:20
110,2015,착하지 않은 여자들,김현숙 · 정마리,채시라 · 이하나,소녀와 가로등,어쿠스틱 콜라보,어쿠스틱 콜라보,소녀와 가로등 (Original Ver.),KBS2 수목드라마 착하지 않은 여자들 (Original Soundtrack) Pt. 1 - EP,,2026-08-28 14:20
111,2015,킬미힐미,차도현 · 오리진,지성 · 황정음,환청,장재인,장재인,환청 (feat. 나쑈),MBC 드라마 킬미힐미 (Original Television Soundtrack),,2026-08-28 14:20
112,2015,프로듀사,백승찬 · 신디,김수현 · 아이유,두근두근,벤,벤,두근두근,프로듀사  : Special Edition (Original Soundtrack),,2026-08-28 14:20
113,2015,후아유 학교 2015,고은별 · 한이안,김소현 · 남주혁,바람에 날려 (feat. 펀치),배치기,배치기,바람에 날려 (feat. 펀치),"후아유-학교 2015, Pt. 2 (Original Television Soundtrack) - Single",,2026-08-28 14:20
114,2016,구르미 그린 달빛,이영 · 홍라온,박보검 · 김유정,구르미 그린 달빛,거미,거미,구르미 그린 달빛,"구르미 그린 달빛 (Original Television Soundtrack), Pt. 3 - Single",,2026-08-28 14:20
115,2016,굿와이프,김혜경 · 이태준,전도연 · 유지태,숨,넬,넬,숨,"굿와이프, Pt. 1 (Original Television Soundtrack) - Single",,2026-08-28 14:20
116,2016,낭만닥터 김사부,부용주 · 강동주,한석규 · 유연석,언제나 괜찮아,신용재,신용재,언제나 괜찮아,낭만닥터 김사부 (Music from the Original TV Series) Pt.7 - Single,,2026-08-28 14:20
117,2016,달의 연인 보보경심 려,왕소 · 해수,이준기 · 아이유,그대를 잊는다는건,다비치,다비치,그대를 잊는다는건,달의 연인: 보보경심 려 (Original Television Soundtrack),,2026-08-28 14:20
118,2016,더 케이투,김제하 · 고안나,지창욱 · 임윤아,아주 가끔,유성은,유성은,아주 가끔,"더케이투, Pt. 2 (Original Television Soundtrack) - Single",,2026-08-28 14:20
119,2016,도깨비,김신 · 지은탁,공유 · 김고은,첫눈처럼 너에게 가겠다,에일리,에일리,첫눈처럼 너에게 가겠다,"도깨비, Pt. 9 (Original Television Soundtrack) - Single",,2026-08-28 14:20
120,2016,또 오해영,박도경 · 오해영,에릭 · 서현진,너였다면,정승환,정승환,너였다면,"또 오해영, Pt. 5 (Original Television Soundtrack) - Single",,2026-08-28 14:20
121,2016,미녀 공심이,공심 · 단태,민아 · 남궁민,찾았다,커피소년,커피소년,찾았다,미녀 공심이 (Original Soundtrack) Part.5 - Single,,2026-08-28 14:20
122,2016,시그널,박해영 · 차수현,이제훈 · 김혜수,회상,장범준,장범준,회상,시그널 (Original Television Soundtrack),,2026-08-28 14:20
123,2016,옥중화,옥녀 · 윤태원,진세연 · 고수,옥중화 (Feat. 임윤정),정세린,정세린,옥중화 (Feat. 임윤정),옥중화 (Original Television Soundtrack),,2026-08-28 14:20
124,2016,운빨로맨스,심보늬 · 제수호,황정음 · 류준열,슬픈인연,박혜수,박혜수,슬픈인연,운빨로맨스 (Original Television Soundtrack),,2026-08-28 14:20
125,2016,질투의 화신,이화신 · 표나리,조정석 · 공효진,질투의 화신,에이프릴세컨드,에이프릴세컨드,질투의 화신,질투의 화신 (Original Television Soundtrack),,2026-08-28 14:20
126,2016,태양의 후예,유시진 · 강모연,송중기 · 송혜교,Always,윤미래,윤미래,Always,"태양의 후예, Pt. 1 (Original Television Soundtrack) - Single",,2026-08-28 14:20
127,2016,푸른 바다의 전설,허준재 · 심청,이민호 · 전지현,그대라는 세상,윤미래,윤미래,그대라는 세상,"푸른 바다의 전설 (Original Television Soundtrack), Pt. 2 - Single",,2026-08-28 14:20
128,2016,함부로 애틋하게,신준영 · 노을,김우빈 · 배수지,소나기,에릭남,에릭남,소나기,"함부로 애틋하게 (Original Television Soundtrack), Vol. 2",,2026-08-28 14:20
129,2017,당신이 잠든 사이에,정재찬 · 남홍주,이종석 · 배수지,당신이 잠든 사이에,브라더수 & 세오,브라더수 & 세오,당신이 잠든 사이에,"당신이 잠든 사이에 (Original Television Soundtrack), Pt. 5 - EP",,2026-08-28 14:20
130,2017,매드독,최강우 · 김민준,유지태 · 우도환,해가 지기 전에,에릭남,에릭남,해가 지기 전에,"매드독 (Original Television Soundtrack), Pt. 1 - Single",,2026-08-28 14:20
131,2017,미씽나인,서준오 · 라봉희,정경호 · 백진희,안녕 못해,첸,CHEN,안녕 못해,MISSING 9 (Original Television Soundtrack),,2026-08-28 14:20
132,2017,보이스,무진혁 · 강권주,장혁 · 이하나,목소리,김윤아,김윤아,목소리,"보이스, Pt. 2 (Original Television Soundtrack) - Single",,2026-08-28 14:20
133,2017,사랑의 온도,온정선 · 이현수,양세종 · 서현진,You Are,승희,승희,You Are,"SBS Drama 사랑의 온도 (Original Television Soundtrack), Pt. 1",,2026-08-28 14:20
134,2017,슬기로운 감빵생활,김제혁 · 이준호,박해수 · 정경호,"Bravo, My Life!",에릭남,에릭남,"Bravo, My Life!",슬기로운 감빵생활 (Original Television Soundtrack),,2026-08-28 14:20
135,2017,쌈 마이웨이,고동만 · 최애라,박서준 · 김지원,굿모닝,케이시,케이시,굿모닝,"KBS2 드라마 쌈, 마이웨이 (Original Television Soundtrack), Pt. 2 - Single",,2026-08-28 14:20
136,2017,의문의 일승,오일승 · 진진영,윤균상 · 정혜성,의문의 일승,소울 다이브,소울 다이브,의문의 일승,"의문의 일승, Pt. 2 (Original Soundtrack) - Single",,2026-08-28 14:20
137,2017,피고인,박정우 · 서은혜,지성 · 권유리,끝까지,San E,San E,끝까지,"피고인 (Original Soundtrack), Pt. 2 - Single",,2026-08-28 14:20
138,2017,하백의 신부,하백 · 소아,남주혁 · 신세경,이렇게 좋은 이유,양다일,양다일,이렇게 좋은 이유,하백의 신부 2017 (Original Television Soundtrack),,2026-08-28 14:20
139,2017,힘쎈여자 도봉순,도봉순 · 안민혁,박보영 · 박형식,사랑에 빠진 걸까요 (feat. 오브로젝트),브로맨스,브로맨스,사랑에 빠진 걸까요 (feat. 오브로젝트),"힘쎈여자 도봉순 (Original Television Soundtrack), Pt. 6 - Single",,2026-08-28 14:20
140,2018,SKY 캐슬,한서진 · 김주영,염정아 · 김서형,We All Lie,하니,하진,We all lie,"SKY 캐슬, Pt. 4 (Original Television Soundtrack) - Single",,2026-08-28 14:20
141,2018,검법남녀,백범 · 은솔,정재영 · 정유미,Truth,JK 김동욱,JK 김동욱,Truth,검법남녀 OST Part.2 - Single,,2026-08-28 14:20
142,2018,기름진 멜로,서풍 · 단새우,이준호 · 정려원,너였었니,백아연,백아연,너였었니,"기름진 멜로 (Original Television Soundtrack), Pt. 3 - Single",,2026-08-28 14:20
143,2018,김비서가 왜 그럴까,이영준 · 김미소,박서준 · 박민영,그대만 보여서,김나영,김나영,그대만 보여서,"김비서가 왜 그럴까 (Original Soundtrack), Pt. 5 - Single",,2026-08-28 14:20
144,2018,나의 아저씨,박동훈 · 이지안,이선균 · 아이유,어른,손디아,Sondia,어른,"나의 아저씨 (Original Television Soundtrack) , Pt. 2 - Single",,2026-08-28 14:20
145,2018,라이프 온 마스,한태주 · 윤나영,정경호 · 고아성,너는 어디쯤,신해경,신해경,너는 어디쯤,"라이프 온 마스, Pt. 2 (Original Television Soundtrack) - Single",,2026-08-28 14:20
146,2018,미스터 션샤인,최유진 · 고애신,이병헌 · 김태리,좋은 날,멜로망스,멜로망스,좋은 날,미스터 션샤인 (Original Television Soundtrack),,2026-08-28 14:20
147,2018,백일의 낭군님,이율 · 홍심,도경수 · 남지현,기약 없는 이별,노유림,노유림,기약 없는 이별,백일의 낭군님 (Original Television Soundtrack),,2026-08-28 14:20
148,2018,뷰티 인사이드,서도재 · 한세계,이민기 · 서현진,내 생에 아름다운,케이윌,케이윌,내 생에 아름다운,뷰티 인사이드 (Original Television Soundtrack),,2026-08-28 14:20
149,2018,스위치 세상을 바꿔라,사도찬 · 오하라,장근석 · 한예리,Crazy,틴탑,틴탑,Crazy,스위치 - 세상을 바꿔라 (Original Soundtrack),,2026-08-28 14:20
150,2018,시크릿 마더,김윤진 · 김소연,송윤아 · 김소연,Nothing,카더가든,카더가든,Nothing,시크릿 마더 (Original Soundtrack) Part.1 - Single,,2026-08-28 14:20
151,2018,알함브라 궁전의 추억,유진우 · 정희주,현빈 · 박신혜,별 (Little Prince),로꼬 & 유성은,로꼬 & 유성은,별 (Little Prince),알함브라 궁전의 추억 (Original Television Soundtrack),,2026-08-28 14:20
152,2018,훈남정음,강훈남 · 유정음,남궁민 · 황정음,너 아니면,허각,허각,너 아니면,"훈남정음 (Original Television Soundtrack), Pt. 4 - Single",,2026-08-28 14:20
153,2019,검색어를 입력하세요 WWW,배타미 · 박모건,임수정 · 장기용,우리 사이 은하수를 만들어,오존,오존,우리 사이 은하수를 만들어,"검색어를 입력하세요 WWW, Pt. 1 (Original Television Soundtrack) - Single",,2026-08-28 14:20
154,2019,동백꽃 필 무렵,황용식 · 오동백,강하늘 · 공효진,영화 속에 나오는 주인공처럼,펀치,펀치,영화 속에 나오는 주인공처럼,"동백꽃 필 무렵 (KBS2 수목드라마) [Original Television Soundtrack], Pt.6 - Single",,2026-08-28 14:20
155,2019,로맨스는 별책부록,차은호 · 강단이,이종석 · 이나영,나는 볼 수 없던 이야기,잔나비,잔나비,나는 볼 수 없던 이야기,"로맨스는 별책부록 (Original Soundtrack), Pt. 1 - Single",,2026-08-28 14:20
156,2019,멜로가 체질,임진주 · 손범수,천우희 · 안재홍,흔들리는 꽃들 속에서 네 샴푸향이 느껴진거야,장범준,장범준,흔들리는 꽃들 속에서 네 샴푸향이 느껴진거야,멜로가 체질 (Original Television Soundtrack),,2026-08-28 14:20
157,2019,배가본드,차달건 · 고해리,이승기 · 배수지,Vagabond,하현우,하현우,Vagabond,배가본드 (Original Television Soundtrack),,2026-08-28 14:20
158,2019,사랑의 불시착,리정혁 · 윤세리,현빈 · 손예진,다시 난 여기,백예린,백예린,"다시 난, 여기",사랑의 불시착 (Original Television Soundtrack),,2026-08-28 14:20
159,2019,아름다운 세상,박무진 · 강인하,박희순 · 추자현,Over the Moon,하은 & 한빈,하은 & 한빈,Over the Moon,아름다운 세상 (Original Soundtrack),,2026-08-28 14:20
160,2019,아스달 연대기,타곤 · 탄야,장동건 · 김지원,대제관 니르하시여!,이루리,이루리,대제관 니르하시여!,아스달 연대기 (Original Television Soundtrack),,2026-08-28 14:20
161,2019,열혈사제,김해일 · 박경선,김남길 · 이하늬,우리동네 HERO,노라조,노라조,우리동네 HERO,열혈사제 (Original Soundtrack) Part.1 - Single,,2026-08-28 14:20
162,2019,왕이 된 남자,하선 · 유소운,여진구 · 이세영,니 곁이라면,성시경,성시경,니 곁이라면,"왕이 된 남자 (Original Television Soundtrack), Pt. 6 - Single",,2026-08-28 14:20
163,2019,왜그래 풍상씨,이풍상 · 간분실,유준상 · 신동미,너무 아픈 사랑은 사랑이 아니었음을,박새별,박새별,너무 아픈 사랑은 사랑이 아니었음을,"왜그래 풍상씨 (Original Television Soundtrack), Pt.4 - Single",,2026-08-28 14:20
164,2019,초콜릿,이강 · 문차영,윤계상 · 하지원,그저 바라본다,에일리,에일리,그저 바라본다,"초콜릿, Pt.5 (Original Television Soundtrack) - Single",,2026-08-28 14:20
165,2019,퍼퓸,민재희 · 서이도,하재숙 · 신성록,퍼퓸 (Perfume of love),바버렛츠,바버렛츠,퍼퓸 (Perfume of love),"퍼퓸 (Original Television Soundtrack), Pt. 6 - Single",,2026-08-28 14:20
166,2019,해치,이금 · 여지,정일우 · 고아라,바람이 전하는 이야기,전우성,전우성,바람이 전하는 이야기,해치 (Original Soundtrack) Part.2 - Single,,2026-08-28 14:20
167,2019,호텔 델루나,구찬성 · 장만월,여진구 · 아이유,그대라는 시,태연,태연,그대라는 시,호텔 델루나 (Original Soundtrack) Pt. 3 - Single,,2026-08-28 14:20
168,2020,낭만닥터 김사부 2,부용주 · 서우진,한석규 · 안효섭,너를 사랑하고 있어,백현,백현,너를 사랑하고 있어,낭만닥터 김사부 2 (Original Television Soundtrack),,2026-08-28 14:20
169,2020,더 킹 영원의 군주,이곤 · 정태을,이민호 · 김고은,I Just Want To Stay With You,Zion.T,Zion.T,I Just Want To Stay With You,더 킹 : 영원의 군주 (Original Television Soundtrack),,2026-08-28 14:20
170,2020,부부의 세계,지선우 · 이태오,김희애 · 박해준,사랑했던 날들,백지영,백지영,사랑했던 날들,"부부의 세계, Pt. 6 (Original Television Soundtrack) - Single",,2026-08-28 14:20
171,2020,사이코지만 괜찮아,문강태 · 고문영,김수현 · 서예지,더 많이 사랑한 쪽이 아프대,헤이즈,헤이즈,더 많이 사랑한 쪽이 아프대,"사이코지만 괜찮아 (Original Television Soundtrack), Pt. 1 - Single",,2026-08-28 14:20
172,2020,스타트업,남도산 · 서달미,남주혁 · 배수지,미래,레드벨벳,레드벨벳,미래,"스타트업 (Original Television Soundtrack), Pt. 1 - Single",,2026-08-28 14:20
173,2020,슬기로운 의사생활,이익준 · 채송화,조정석 · 전미도,아로하,조정석,조정석,아로하,"슬기로운 의사생활, Pt. 3 (Original Television Soundtrack) - Single",,2026-08-28 14:20
174,2020,쌍갑포차,월주 · 한강배,황정음 · 육성재,사랑은 추억을 닮아서,육성재,육성재,사랑은 추억을 닮아서,"쌍갑포차, Pt. 2 (Original Television Soundtrack) - Single",,2026-08-28 14:20
175,2020,여신강림,이수호 · 임주경,차은우 · 문가영,Call Me Maybe,사야,사야,Call Me Maybe,여신강림 (Original Television Soundtrack),,2026-08-28 14:20
176,2020,이태원 클라쓰,박새로이 · 조이서,박서준 · 김다미,시작,가호,가호,시작,ITAEWON CLASS (Original Television Soundtrack) Pt. 2 - Single,,2026-08-28 14:20
177,2020,청춘기록,사혜준 · 안정하,박보검 · 박소담,청춘기록,자넷서,자넷서,청춘기록,청춘기록 (Original Television Soundtrack),,2026-08-28 14:20
178,2020,출사표,구세라 · 서공명,나나 · 박성훈,봄꽃,츄,츄,봄꽃,출사표(Original Television Soundtrack),,2026-08-28 14:20
179,2020,카이로스,김서진 · 한애리,신성록 · 이세영,흩어져가,김태현,김태현,"카이로스 (Original Television Soundtrack, Pt. 6)","카이로스 (Original Television Soundtrack, Pt. 6) - Single",,2026-08-28 14:20
180,2020,편의점 샛별이,최대현 · 정샛별,지창욱 · 김유정,잠이 오지 않는 밤에,로시,로시,잠이 오지 않는 밤에,"편의점 샛별이 (Original Television Soundtrack), Special",,2026-08-28 14:20
181,2021,갯마을 차차차,홍두식 · 윤혜진,김선호 · 신민아,로맨틱 선데이,카더가든,카더가든,로맨틱 선데이,"갯마을 차차차, Pt. 1 (Original Television Soundtrack) - Single",,2026-08-28 14:20
182,2021,그 해 우리는,최웅 · 국연수,최우식 · 김다미,서랍,10CM,10CM,서랍,그 해 우리는 (Original Television Soundtrack) Special,,2026-08-28 14:20
183,2021,라켓소년단,윤해강 · 한세윤,탕준상 · 이재인,지금처럼,더보이즈,더보이즈,지금처럼,"라켓소년단 (Original Television Soundtrack), Pt. 1 - Single",,2026-08-28 14:20
184,2021,마우스,정바름 · 고무치,이승기 · 이희준,괜찮아,소정,이소정,괜찮아,"마우스 (Original Television Soundtrack), Pt. 1 - Single",,2026-08-28 14:20
185,2021,마이 네임,윤지우 · 무진,한소희 · 박희순,My Name (feat. Swervy & JEMINN),황상준,황상준,My Name (feat. Swervy & JEMINN),마이 네임 (Original Soundtrack from the Netflix Series),,2026-08-28 14:20
186,2021,모범택시,김도기 · 강하나,이제훈 · 이솜,모범택시,김성율,김성율,모범택시,모범택시 (Original Soundtrack),,2026-08-28 14:20
187,2021,빈센조,빈센조 까사노 · 홍차영,송중기 · 전여빈,I'm Always by Your Side,존박,존박,I′m Always by Your Side,"빈센조, Pt. 6 (Original Television Soundtrack) - Single",,2026-08-28 14:20
188,2021,슬기로운 의사생활 시즌2,이익준 · 채송화,조정석 · 전미도,비와 당신,이무진,이무진,비와 당신,슬기로운 의사생활 시즌2 (Original Television Soundtrack),,2026-08-28 14:20
189,2021,신사와 아가씨,이영국 · 박단단,지현우 · 이세희,신사와 아가씨,최철호 & 오혜주,최철호 & 오혜주,신사와 아가씨,신사와 아가씨 (Original Television Soundtrack) Special Score,,2026-08-28 14:20
190,2021,어느 날 우리 집 현관으로,김사람 · 탁동경,서인국 · 박보영,널 보면 시간이 멈춰 어느 순간에도,투모로우바이투게더,투모로우바이투게더,널 보면 시간이 멈춰 어느 순간에도,"어느 날 우리 집 현관으로 멸망이 들어왔다 (Original Television Soundtrack), Pt. 2 - Single",,2026-08-28 14:20
191,2021,엉클,왕준혁 · 왕준희,오정세 · 전혜진,Be your side,추상민,추상민,Be your side,엉클 (Original Television Soundtrack),,2026-08-28 14:20
192,2021,오징어 게임,성기훈 · 강새벽,이정재 · 정호연,Pink Soldiers,김성수,김성수,Pink Soldiers,오징어게임 (Original Soundtrack from The Netflix Series),,2026-08-28 14:20
193,2021,옷소매 붉은 끝동,이산 · 성덕임,이준호 · 이세영,바라고 바라,휘인,휘인,바라고 바라,"옷소매 붉은 끝동 (Original Soundtrack), Pt. 1 - Single",,2026-08-28 14:20
194,2021,유미의 세포들,유미 · 구웅,김고은 · 안보현,나를 신경 쓰고 있는 건가,웬디,웬디,나를 신경 쓰고 있는 건가,유미의 세포들 (Original Television Soundtrack),,2026-08-28 14:20
195,2021,지금 헤어지는 중입니다,하영은 · 윤재국,송혜교 · 장기용,지금 헤어지는 중입니다,허상은 & 박영익,허상은 & 박영익,지금 헤어지는 중입니다,"지금, 헤어지는 중입니다 (Original Soundtrack)",,2026-08-28 14:20
196,2021,해피니스,윤새봄 · 정이현,한효주 · 박형식,Some Day,Joe Layne,Joe Layne,Some Day,해피니스 (Original Television Soundtrack),,2026-08-28 14:20
197,2021,홍천기,홍천기 · 하람,김유정 · 안효섭,나인가요,백현,백현,"나인가요 (From ""홍천기"")",홍천기 (Original Soundtrack) Part.1 - Single,,2026-08-28 14:20
198,2022,군검사 도베르만,도배만 · 차우인,안보현 · 조보아,도베르만,하현우,하현우,도베르만,군검사 도베르만 (Original Television Soundtrack),,2026-08-28 14:20
199,2022,금수저,이승천 · 나주희,육성재 · 정채연,이제 시작이야,민경훈,민경훈,이제 시작이야,금수저 (Original Television Soundtrack),,2026-08-28 14:20
200,2022,기상청 사람들,진하경 · 이시우,박민영 · 송강,이상기후,기리보이,기리보이,이상기후,기상청 사람들 : 사내연애 잔혹사 편 (Original Television Soundtrack) Special,,2026-08-28 14:20
201,2022,당신이 소원을 말하면,윤겨레 · 유연주,지창욱 · 최수영,너와 나 사이,태연,태연,너와 나 사이,"당신이 소원을 말하면 (Original Soundtrack), Pt. 9 - Single",,2026-08-28 14:20
202,2022,더 글로리,문동은 · 주여정,송혜교 · 이도현,후회,김태진,김태진,후회,"더 글로리, Pt. 2 (Original Soundtrack from the Netflix Series)",,2026-08-28 14:20
203,2022,법대로 사랑하라,김정호 · 김유리,이승기 · 이세영,별이 빛나는 오늘 밤에,펀치,펀치,별이 빛나는 오늘 밤에,법대로 사랑하라 (Original Television Soundtrack) Special,,2026-08-28 14:20
204,2022,사내맞선,강태무 · 신하리,안효섭 · 김세정,사랑인가 봐,멜로망스,멜로망스,사랑인가 봐,사내맞선 (Original Soundtrack),,2026-08-28 14:20
205,2022,살인자의 쇼핑목록,이대성 · 도아희,이광수 · 김설현,살인자의 쇼핑목록 Title,조인호,조인호,살인자의 쇼핑목록 Title,살인자의 쇼핑목록 (Original Soundtrack),,2026-08-28 14:20
206,2022,소년심판,심은석 · 차태주,김혜수 · 김무열,Shchedryk,INNI,INNI,Shchedryk,소년심판 (Original Soundtrack),,2026-08-28 14:20
207,2022,스물다섯 스물하나,백이진 · 나희도,남주혁 · 김태리,"아주, 천천히",비비,비비,"아주, 천천히","스물다섯 스물하나, Pt. 3 (Original Television Soundtrack) - Single",,2026-08-28 14:20
208,2022,왜 오수재인가,오수재 · 공찬,서현진 · 황인엽,I'm here,이소정,이소정,I'm here,왜 오수재인가 (Originaal Television Soundtrack),,2026-08-28 14:20
209,2022,우리들의 블루스,이동석 · 민선아,이병헌 · 신민아,With You,지민,지민 & 하성운,With You,우리들의 블루스 (Original Television Soundtrack),,2026-08-28 14:20
210,2022,이상한 변호사 우영우,우영우 · 이준호,박은빈 · 강태오,상상,선우정아,선우정아,상상,이상한 변호사 우영우 (Original Television Soundtrack) Pt. 2 - Single,,2026-08-28 14:20
211,2022,재벌집 막내아들,진도준 · 서민영,송중기 · 신현빈,기적 같은 너,폴킴,폴킴,기적 같은 너,재벌집 막내아들 (Original Soundtrack),,2026-08-28 14:20
212,2022,천원짜리 변호사,천지훈 · 백마리,남궁민 · 김지은,천원짜리 변호사,김경호,김경호,천원짜리 변호사,천원짜리 변호사 (Original Soundtrack),,2026-08-28 14:20
213,2022,환혼,장욱 · 무덕이,이재욱 · 정소민,바라만 본다,정세운,정세운,바라만 본다,"환혼, Pt. 3 (Original Television Soundtrack) - Single",,2026-08-28 14:20
214,2023,국민사형투표,김무찬 · 주현,박해진 · 임지연,The Last Vote,구자완,구자완,The Last Vote,국민사형투표 (Original Soundtrack),,2026-08-28 14:20
215,2023,나쁜엄마,최강호 · 영순,이도현 · 라미란,다시 사랑할 수 있게,멜로망스,멜로망스,다시 사랑할 수 있게,나쁜엄마 (Original Television Soundtrack),,2026-08-28 14:20
216,2023,낭만닥터 김사부 3,부용주 · 차은재,한석규 · 이성경,Hello,백현,백현,Hello,"낭만닥터 김사부 3 (Original Television Soundtrack), Pt.1 - Single",,2026-08-28 14:20
217,2023,낮에 뜨는 달,한준오 · 강영화,김영대 · 표예진,낮에 뜨는 달,불꽃심장,안예은,낮에 뜨는 달,낮에 뜨는 달 - Single,,2026-08-28 14:20
218,2023,대행사,고아인 · 강한나,이보영 · 손나은,You,권진아,권진아,You,대행사 (Original Television Soundtrack),,2026-08-28 14:20
219,2023,도적 칼의 소리,이윤 · 남희신,김남길 · 서현,Bandit,태일,태일,Bandit,도적: 칼의 소리 (Music from The Netflix Series) - EP,,2026-08-28 14:20
220,2023,마이 데몬,정구원 · 도도희,송강 · 김유정,우리의 밤은 당신의 낮보다 아름답다,뉴진스,뉴진스,우리의 밤은 당신의 낮보다 아름답다,"마이데몬, Pt. 1 (Original Soundtrack) - Single",,2026-08-28 14:20
221,2023,반짝이는 워터멜론,은결 · 이찬,려운 · 최현욱,반짝이는 그대에게,정준일,정준일,반짝이는 그대에게,반짝이는 워터멜론 (Original Television Soundtrack) Pt. 1 - Single,,2026-08-28 14:20
222,2023,보라 데보라,박데보라 · 이수혁,유인나 · 윤현민,"우연히, 사랑",구준회,구준회,"우연히, 사랑",보라! 데보라 (Original Soundtrack),,2026-08-28 14:20
223,2023,악귀,구산영 · 염해상,김태리 · 오정세,숨,선우정아,선우정아,숨,악귀 (Original Soundtrack) Pt.4 - Single,,2026-08-28 14:20
224,2023,웰컴투 삼달리,조용필 · 조삼달,지창욱 · 신혜선,꿈,태연,태연,꿈,"웰컴투 삼달리 (Original Television Soundtrack), Pt.3 - Single",,2026-08-28 14:20
225,2023,이번 생도 잘 부탁해,반지음 · 문서하,신혜선 · 안보현,Secret,옐로,옐로,Secret,이번 생도 잘 부탁해 (Original Television Soundtrack),,2026-08-28 14:20
226,2023,이재 곧 죽습니다,최이재 · 죽음,서인국 · 박소담,거짓말인데,Sondia,Sondia,거짓말인데,"이재, 곧 죽습니다 (Original Television Soundtrack), Pt.1 - Single",,2026-08-28 14:20
227,2023,일타 스캔들,최치열 · 남행선,정경호 · 전도연,반대편,이적,이적,반대편,"일타 스캔들, Pt. 3 (Original Television Soundtrack) - Single",,2026-08-28 14:20
228,2023,킹더랜드,구원 · 천사랑,이준호 · 임윤아,Keep Me Busy,펀치,펀치,Keep Me Busy,"킹더랜드 (Original Television Soundtrack), Pt.5 - Single",,2026-08-28 14:20
229,2024,낮과 밤이 다른 그녀,이미진 · 계지웅,정은지 · 최진혁,Lucky Charm,보이넥스트도어,보이넥스트도어,Lucky Charm,"낮과 밤이 다른 그녀 (Original Television Soundtrack), Pt. 3 - Single",,2026-08-28 14:20
230,2024,눈물의 여왕,백현우 · 홍해인,김수현 · 김지원,미안해 미워해 사랑해,Crush,Crush,미안해 미워해 사랑해,"눈물의 여왕 (Original Television Soundtrack), Pt.4 - Single",,2026-08-28 14:20
231,2024,밤에 피는 꽃,조여화 · 박수호,이하늬 · 이종원,내 사랑 내 곁에,Zeenan,Zeenan,내 사랑 내 곁에,밤에 피는 꽃 (Original Soundtrack) Pt.1 - Single,,2026-08-28 14:20
232,2024,백설공주에게 죽음을,고정우 · 노상철,변요한 · 고준,Endless Night,김현도,김현도,Endless Night,백설공주에게 죽음을-Black Out (Original TV Series Soundtrack),,2026-08-28 14:20
233,2024,선재 업고 튀어,류선재 · 임솔,변우석 · 김혜윤,소나기,이클립스,이클립스,소나기,"선재 업고 튀어, Pt. 1 (Original Soundtrack)",,2026-08-28 14:20
234,2024,수사반장 1958,박영한 · 김상순,이제훈 · 이동휘,수사반장 (1958),윤용남,윤용남,수사반장 (1958),수사반장 1958 (Original Television Soundtrack),,2026-08-28 14:20
235,2024,엄마친구아들,배석류 · 최승효,정소민 · 정해인,꺼내지 못한 말,정해인,정해인,꺼내지 못한 말,엄마친구아들 (Original Soundtrack),,2026-08-28 14:20
236,2024,열혈사제 2,김해일 · 박경선,김남길 · 이하늬,멈추지 않아,PLAVE,PLAVE,멈추지 않아,열혈사제2 (Original Soundtrack) Part.2 - Single,,2026-08-28 14:20
237,2024,정년이,윤정년 · 허영서,김태리 · 신예은,"위에선 한나라가, 누굴까 그 사람",매란국극단,매란국극단,"위에선 한나라가, 누굴까 그 사람","정년이, Pt. 4 : 목포의 청춘&자명고 (Original Soundtrack)",,2026-08-28 14:20
238,2024,지금 거신 전화는,백사언 · 홍희주,유연석 · 채수빈,See The Light,임현식,임현식,See The Light,지금 거신 전화는 (Original Soundtrack),,2026-08-28 14:20
239,2024,커넥션,장재경 · 오윤진,지성 · 전미도,The Day,설호승,설호승,The Day,"커넥션, Pt. 1 (Original Soundtrack) - Single",,2026-08-28 14:20
240,2024,하이드,나문영 · 차성재,이보영 · 이무생,서약,제이세라,제이세라,서약,"피도 눈물도 없이  (Original Television Soundtrack), Pt. 9 - Single",,2026-08-28 14:20
241,2025,견우와 선녀,박견우 · 성선녀,추영우 · 조이현,안녕,추영우,추영우,안녕,"견우와 선녀, Pt. 3 (Original Soundtrack) - Single",,2026-08-28 14:20
242,2025,귀궁,여리 · 강철,육성재 · 김지연,귀궁,이규옥,이규옥,귀궁,귀궁 : Original Television Soundtrack,,2026-08-28 14:20
243,2025,언더커버 하이스쿨,정해성 · 오수아,서강준 · 진기주,내 이름을 불러줘,한경수,한경수,내 이름을 불러줘,언더커버 하이스쿨 (Original Soundtrack),,2026-08-28 14:20
244,2025,폭싹 속았수다,양관식 · 오애순,박보검 · 아이유,밤 산책,아이유,아이유,밤 산책,폭싹 속았수다 (Original Soundtrack from the Netflix Series) - 3막 - Single,,2026-08-28 14:20
