year,artist,title,search
1980,조용필,창밖의 여자,
1980,조용필,단발머리,
1981,조용필,고추잠자리,
1982,이용,잊혀진 계절,
1982,조용필,못찾겠다 꾀꼬리,
1983,정수라,아! 대한민국,정수라 아 대한민국
1983,김수철,못다 핀 꽃 한 송이,
1984,이선희,J에게,
1984,김수철,젊은 그대,
1984,나미,빙글빙글,
1985,들국화,그것만이 내 세상,
1985,이문세,난 아직 모르잖아요,
1985,이문세,소녀,
1985,조용필,킬리만자로의 표범,
1986,김완선,오늘밤,
1986,전인권,사랑한 후에,들국화 사랑한 후에
1987,소방차,어젯밤 이야기,
1987,유재하,사랑하기 때문에,
1987,이문세,사랑이 지나가면,
1987,이문세,깊은 밤을 날아서,
1988,이문세,광화문 연가,
1988,변진섭,홀로된다는 것,
1988,이상은,담다디,
1988,주현미,신사동 그 사람,
1988,무한궤도,그대에게,
1988,소방차,통화중,
1989,변진섭,희망사항,
1989,푸른하늘,겨울바다,
1989,이승철,안녕이라고 말하지마,
1989,나미,인디언 인형처럼,
1990,신승훈,미소 속에 비친 그대,
1990,김완선,삐에로는 우릴 보고 웃지,
1990,윤상,이별의 그늘,
1991,신승훈,보이지 않는 사랑,
1991,김현식,내사랑 내곁에,
1991,강수지,보라빛 향기,
1992,서태지와 아이들,난 알아요,
1992,신승훈,널 사랑하니까,
1992,015B,texas,015B 텍사스
1993,서태지와 아이들,하여가,
1993,김건모,핑계,
1993,신승훈,널 위한 이별,
1994,김건모,잘못된 만남,김건모 잘못된 만남
1994,서태지와 아이들,교실 이데아,
1994,015B,신인류의 사랑,
1995,룰라,날개 잃은 천사,
1995,김건모,speed,김건모 스피드
1995,DJ DOC,머피의 법칙,
1996,H.O.T.,전사의 후예,
1996,클론,꿍따리 샤바라,
1996,양파,애송이의 사랑,
1997,H.O.T.,캔디,H.O.T. Candy
1997,젝스키스,폼생폼사,
1997,S.E.S.,I'm Your Girl,
1997,god,어머님께,
1998,핑클,블루 레인,
1998,조성모,To Heaven,
1998,김현정,그녀와의 이별,
1999,조성모,아시나요,
1999,핑클,영원한 사랑,
1999,god,사랑해 그리고 기억해,
2000,god,거짓말,
2000,조성모,가시나무,
2000,쿨,애상,
2001,브라운아이즈,벌써 일년,
2001,god,길,
2001,성시경,내게 오는 길,
2002,보아,No.1,
2002,이수영,라라라,
2002,휘성,안되나요,
2003,이효리,10 Minutes,
2003,세븐,와줘,
2004,SG워너비,Timeless,
2004,MC몽,너에게 쓰는 편지,
2004,윤미래,잊었니,
2005,동방신기,Rising Sun,동방신기 Rising Sun 순수
2005,SG워너비,살다가,
2005,버즈,겁쟁이,
2006,빅뱅,거짓말,
2006,아이비,유혹의 소나타,
2006,SG워너비,내 사람,
2007,원더걸스,Tell Me,
2007,소녀시대,다시 만난 세계,
2007,빅뱅,마지막 인사,
2008,원더걸스,Nobody,
2008,빅뱅,하루하루,
2008,샤이니,누난 너무 예뻐,
2009,소녀시대,Gee,
2009,2NE1,I Don't Care,
2009,슈퍼주니어,Sorry Sorry,
2009,카라,미스터,
2010,아이유,좋은 날,
2010,미쓰에이,Bad Girl Good Girl,
2010,비스트,Beautiful,
2011,티아라,롤리폴리,
2011,빅뱅,Tonight,
2011,씨스타,So Cool,
2012,싸이,강남스타일,
2012,빅뱅,Fantastic Baby,
2012,버스커버스커,벚꽃 엔딩,
2013,엑소,으르렁,엑소 으르렁 Growl
2013,소녀시대,I Got A Boy,
2013,크레용팝,빠빠빠,
2014,소유 정기고,썸,
2014,아이유,분홍신,
2014,에이핑크,Mr. Chu,
2015,빅뱅,BANG BANG BANG,
2015,EXID,위아래,
2015,여자친구,오늘부터 우리는,
2016,트와이스,CHEER UP,
2016,블랙핑크,휘파람,
2016,아이오아이,너무너무너무,
2017,트와이스,Signal,
2017,방탄소년단,DNA,
2017,레드벨벳,빨간 맛,
2018,블랙핑크,뚜두뚜두,
2018,방탄소년단,IDOL,
2018,모모랜드,BBoom BBoom,
2019,방탄소년단,작은 것들을 위한 시,
2019,잔나비,주저하는 연인들을 위해,
2019,ITZY,달라달라,
2020,방탄소년단,Dynamite,
2020,블랙핑크,How You Like That,
2020,오마이걸,살짝 설렜어,
2020,아이유,에잇,
2021,방탄소년단,Butter,
2021,에스파,Next Level,
2021,브레이브걸스,롤린,
2021,STAYC,ASAP,
2022,뉴진스,Attention,
2022,아이브,LOVE DIVE,
2022,르세라핌,FEARLESS,
2022,빅뱅,봄여름가을겨울,
2023,뉴진스,Ditto,
2023,아이브,I AM,
2023,피프티피프티,Cupid,
2023,르세라핌,UNFORGIVEN,
2024,뉴진스,Supernatural,
2024,아일릿,Magnetic,
2024,에스파,Supernova,
2024,투어스,첫 만남은 계획대로 되지 않아,
2025,헌트릭스,Golden,케이팝 데몬 헌터스 Golden
1981,산울림,회상,산울림 창문너머 어렴풋이
1983,조용필,친구여,
1984,이문세,나는 행복한 사람,
1985,김수철,정신차려,
1986,이선희,알고 싶어요,
1987,양수경,사랑은 차가운 유혹,
1988,김완선,나 홀로 뜰 앞에서,
1989,동물원,혜화동,
1990,이승철,마지막 콘서트,
1991,푸른하늘,자아도취,
1991,윤상,너에게 배운 사랑,
1992,서태지와 아이들,환상속의 그대,
1993,공일오비,어디선가 나의 노랠 듣고 있을 너,
1994,투투,일과 이분의 일,
1995,노이즈,상상속의 너,
1995,터보,나 어릴적 꿈,
1996,젝스키스,학원별곡,
1996,양파,addio,양파 애송이의 사랑
1997,H.O.T.,We are the Future,
1997,코요태,순정,
1998,핑클,내 남자친구에게,
1998,유승준,나나나,
1999,드렁큰타이거,너희가 힙합을 아느냐,
1999,S.E.S.,Dreams Come True,
2000,이정현,와,
2000,베이비복스,Killer,
2001,왁스,오빠,
2002,싸이,새,
2002,비,나쁜 남자,
2003,이효리,Hey Mr. Big,
2004,신화,Brand New,
2004,휘성,With Me,
2005,김종국,한 남자,
2005,에픽하이,Fly,
2006,씨야,미친 사랑의 노래,
2006,이승기,내 여자라니까,
2007,FT아일랜드,사랑앓이,
2008,이승철,서쪽하늘,
2008,다비치,8282,
2009,2PM,Again & Again,
2009,브라운아이드걸스,아브라카다브라,
2010,비스트,쇼크,
2010,씨엔블루,외톨이야,
2011,아이유,너랑 나,
2011,미쓰에이,Good Bye Baby,
2012,인피니트,추격자,
2012,아이유,너의 의미,
2013,씨스타,Give It To Me,
2013,악동뮤지션,200%,
2014,태양,눈코입,
2015,아이유,스물셋,
2015,자이언티,양화대교,
2016,트와이스,TT,
2016,볼빨간사춘기,우주를 줄게,
2017,아이유,밤편지,
2017,워너원,에너제틱,
2018,아이콘,사랑을 했다,
2018,트와이스,What is Love?,
2019,화사,멍청이,
2019,폴킴,모든 날 모든 순간,
2020,지코,아무노래,
2020,아이즈원,Fiesta,
2021,아이유,라일락,
2021,악뮤,낙하,
2022,아이브,After LIKE,
2022,블랙핑크,Pink Venom,
2023,뉴진스,Super Shy,
2023,아이유,Love wins all,
2024,데이식스,Welcome to the Show,
2024,QWER,고민중독,
2024,엔믹스,Dash,
2025,베이비몬스터,DRIP,
2025,아이들,Girlfriend,
