year,type,work,characters,actors,song,artist,search,alt
2002,drama,겨울연가,강준상|정유진,배용준|최지우,처음부터 지금까지,류,,
2004,drama,미안하다 사랑한다,차무혁|송은채,소지섭|임수정,눈의 꽃,박효신,,
2004,drama,풀하우스,이영재|한지은,비|송혜교,I Think I,비,,
2005,drama,내 이름은 김삼순,현진헌|김삼순,현빈|김선아,She Is,클래지콰이,,
2005,drama,프라하의 연인,최상현|윤재희,김주혁|전도연,사랑인걸,이루,,
2006,drama,궁,이신|신채경,주지훈|윤은혜,사랑인가요,하울 제이,궁 OST 사랑인가요,Perhaps Love
2009,drama,꽃보다 남자,구준표|금잔디,이민호|구혜선,Paradise,티맥스,꽃보다 남자 OST 파라다이스,파라다이스
2010,drama,시크릿 가든,김주원|길라임,현빈|하지원,그 여자,백지영,,
2010,drama,제빵왕 김탁구,김탁구|신유경,윤시윤|유진,제빵왕 김탁구,이필호,,
2011,drama,최고의 사랑,독고진|구애정,차승원|공효진,두근두근,써니힐,,
2013,drama,별에서 온 그대,도민준|천송이,김수현|전지현,My Destiny,린,,
2013,drama,상속자들,김탄|차은상,이민호|박신혜,사랑해서 그래,이홍기,상속자들 OST 사랑해서 그래,
2013,drama,너의 목소리가 들려,박수하|장혜성,이종석|이보영,너의 모든 순간,성시경,,
2014,drama,미생,장그래|안영이,임시완|강소라,너라는 별,고추잠자리,,
2014,drama,괜찮아 사랑이야,장재열|지해수,조인성|공효진,괜찮아 사랑이야,다비치,다비치 괜찮아 사랑이야,
2015,drama,응답하라 1988,김정환|성덕선,류준열|혜리,청춘,김필,,
2015,drama,킬미힐미,차도현|오리진,지성|황정음,환청,장재인,킬미힐미 환청 장재인,
2016,drama,태양의 후예,유시진|강모연,송중기|송혜교,Always,윤미래,,
2016,drama,도깨비,김신|지은탁,공유|김고은,첫눈처럼 너에게 가겠다,에일리,,
2016,drama,구르미 그린 달빛,이영|홍라온,박보검|김유정,구르미 그린 달빛,거미,,
2017,drama,쌈 마이웨이,고동만|최애라,박서준|김지원,굿모닝,케이시,쌈 마이웨이 굿모닝 케이시,
2018,drama,미스터 션샤인,최유진|고애신,이병헌|김태리,그 날에,에일리,미스터 션샤인 OST 그 날에,
2018,drama,김비서가 왜 그럴까,이영준|김미소,박서준|박민영,그대만 보여서,김나영,,
2019,drama,호텔 델루나,구찬성|장만월,여진구|아이유,그대라는 시,태연,,
2019,drama,사랑의 불시착,리정혁|윤세리,현빈|손예진,다시 난 여기,백예린,사랑의 불시착 OST 다시 난 여기,
2019,drama,동백꽃 필 무렵,황용식|오동백,강하늘|공효진,동백꽃 필 무렵,개미,,
2020,drama,이태원 클라쓰,박새로이|조이서,박서준|김다미,시작,가호,,
2020,drama,슬기로운 의사생활,이익준|채송화,조정석|전미도,아로하,조정석,,
2020,drama,사이코지만 괜찮아,문강태|고문영,김수현|서예지,더 많이 사랑한 쪽이 아프대,헤이즈,,
2021,drama,갯마을 차차차,홍두식|윤혜진,김선호|신민아,로맨틱 선데이,카더가든,,
2021,drama,연모,이휘|정지운,박은빈|로운,IF I,백지영,연모 IF I 백지영,
2022,drama,이상한 변호사 우영우,우영우|이준호,박은빈|강태오,상상,선우정아,우영우 상상 선우정아,
2022,drama,스물다섯 스물하나,백이진|나희도,남주혁|김태리,"아주, 천천히",비비,스물다섯 스물하나 아주 천천히 비비,
2022,drama,재벌집 막내아들,진도준|서민영,송중기|신현빈,기적 같은 너,폴킴,,
2023,drama,더 글로리,문동은|주여정,송혜교|이도현,하늘보다 더 아득한 지상,정세린,,
2023,drama,무빙,장주원|이미현,류승룡|한효주,Rising Bongseok,달파란,,
2024,drama,눈물의 여왕,백현우|홍해인,김수현|김지원,나의 첫사랑,다비치,눈물의 여왕 OST 나의 첫사랑,
2024,drama,선재 업고 튀어,류선재|임솔,변우석|김혜윤,소나기,이클립스,,
1997,movie,접속,동현|수현,한석규|전도연,A Lover's Concerto,The Toys,,
1999,movie,쉬리,유중원|이명현,한석규|김윤진,When I Dream,캐롤 키드,,
2001,movie,엽기적인 그녀,견우|그녀,차태현|전지현,I Believe,신승훈,,
2003,movie,클래식,오준하|성주희,조승우|손예진,너에게 난 나에게 넌,자전거 탄 풍경,,
2003,movie,국화꽃 향기,서인하|이희재,박해일|장진영,희재,성시경,,
2005,movie,왕의 남자,장생|공길,감우성|이준기,인연,이선희,,
2006,movie,미녀는 괴로워,강한나|한상준,김아중|주진모,마리아,김아중,미녀는 괴로워 OST 마리아,Maria
2009,movie,국가대표,차헌태|밥,하정우|김지석,버터플라이,러브홀릭스,,
2010,movie,아저씨,차태식|소미,원빈|김새론,Dear,메리제이블리지,아저씨 OST Dear,
2011,movie,써니,나미|하춘화,유호정|진희경,Sunny,보니엠,,
2012,movie,건축학개론,이승민|양서연,엄태웅|한가인,기억의 습작,전람회,,
2013,movie,7번방의 선물,이용구|예승,류승룡|갈소원,I Love You Dad,이동준,,
2016,movie,아가씨,숙희|히데코,김태리|김민희,"나의 타마코, 나의 숙희",조영욱과 사운드트랙킹스,,
2017,movie,택시운전사,김만섭|피터,송강호|토마스 크레취만,택시 운전사,The Soundtrack Kings,,
2019,movie,기생충,기택|충숙,송강호|장혜진,짜파구리,정재일,기생충 OST 짜파구리,
2021,movie,모가디슈,한신성|림용수,김윤석|허준호,모가디슈 입성,방준석,,
2022,movie,헤어질 결심,장해준|송서래,박해일|탕웨이,안개,정훈희,,
2023,movie,서울의 봄,전두광|이태신,황정민|정우성,서울의 봄,이재진,,
1961,movie,티파니에서 아침을,홀리 골라이틀리|폴 바잭,오드리 헵번|조지 페퍼드,Moon River,Audrey Hepburn,,
1965,movie,사운드 오브 뮤직,마리아|폰 트랩 대령,줄리 앤드루스|크리스토퍼 플러머,Do-Re-Mi,Julie Andrews,,
1977,movie,토요일 밤의 열기,토니 마네로|스테파니,존 트라볼타|카렌 린 고니,Stayin' Alive,Bee Gees,,
1978,movie,그리스,대니 주코|샌디 올슨,존 트라볼타|올리비아 뉴튼 존,You're the One That I Want,John Travolta,,
1984,movie,고스트버스터즈,피터 벤크먼|데이나 배럿,빌 머레이|시고니 위버,Ghostbusters,Ray Parker Jr.,,
1986,movie,탑건,매버릭|찰리,톰 크루즈|켈리 맥길리스,Take My Breath Away,Berlin,,
1987,movie,더티 댄싱,자니 캐슬|베이비,패트릭 스웨이지|제니퍼 그레이,(I've Had) The Time of My Life,Bill Medley,,
1988,movie,시네마 천국,토토|알프레도,살바토레 카시오|필립 느와레,Love Theme,Ennio Morricone,,
1990,movie,사랑과 영혼,샘 휘트|몰리 젠슨,패트릭 스웨이지|데미 무어,Unchained Melody,The Righteous Brothers,,
1991,movie,미녀와 야수,벨|야수,페이지 오하라|로비 벤슨,Beauty and the Beast,Celine Dion,,
1992,movie,보디가드,프랭크 파머|레이첼 마론,케빈 코스트너|휘트니 휴스턴,I Will Always Love You,Whitney Houston,,
1992,movie,알라딘,알라딘|자스민,스콧 웨인저|린다 라킨,A Whole New World,Peabo Bryson,,
1994,movie,라이온 킹,심바|날라,매튜 브로데릭|모이라 켈리,Can You Feel the Love Tonight,Elton John,,
1994,movie,포레스트 검프,포레스트 검프|제니,톰 행크스|로빈 라이트,Forrest Gump Suite,앨런 실베스트리,,
1995,movie,포카혼타스,포카혼타스|존 스미스,아이린 베다드|멜 깁슨,Colors of the Wind,Vanessa Williams,,
1997,movie,타이타닉,잭 도슨|로즈 드윗 부카터,레오나르도 디카프리오|케이트 윈슬렛,My Heart Will Go On,Celine Dion,,
1997,movie,맨 인 블랙,제이|케이,윌 스미스|토미 리 존스,Men in Black,Will Smith,,
1998,movie,아마겟돈,해리 스탬퍼|A.J.,브루스 윌리스|벤 애플렉,I Don't Want to Miss a Thing,Aerosmith,,
1998,movie,뮬란,뮬란|리 샹,밍나 웬|BD 웡,Reflection,Christina Aguilera,,
1999,movie,노팅힐,윌리엄 대커|안나 스콧,휴 그랜트|줄리아 로버츠,She,Elvis Costello,,
1999,movie,매트릭스,네오|트리니티,키아누 리브스|캐리 앤 모스,Clubbed to Death,Rob Dougan,,
2000,movie,글래디에이터,막시무스|루실라,러셀 크로우|코니 닐슨,Now We Are Free,Lisa Gerrard,,
2001,movie,물랑루즈,크리스티안|사틴,이완 맥그리거|니콜 키드먼,Come What May,Ewan McGregor,,
2001,movie,해리포터와 마법사의 돌,해리 포터|헤르미온느,다니엘 래드클리프|엠마 왓슨,Hedwig's Theme,John Williams,,
2001,movie,반지의 제왕 반지 원정대,프로도|아라곤,일라이저 우드|비고 모텐슨,Concerning Hobbits,Howard Shore,,
2002,movie,어바웃 어 보이,윌|마커스,휴 그랜트|니콜라스 홀트,About a Boy,Badly Drawn Boy,,
2003,movie,캐리비안의 해적,잭 스패로우|엘리자베스,조니 뎁|키이라 나이틀리,He's a Pirate,Klaus Badelt,,
2003,movie,러브 액츄얼리,데이비드|나탈리,휴 그랜트|마틴 맥커천,Christmas Is All Around,Bill Nighy,,
2004,movie,이터널 선샤인,조엘|클레멘타인,짐 캐리|케이트 윈슬렛,Everybody's Gotta Learn Sometime,Beck,,
2005,movie,오만과 편견,엘리자베스|다아시,키이라 나이틀리|매튜 맥퍼딘,Dawn,Jean-Yves Thibaudet,,
2006,movie,악마는 프라다를 입는다,앤디|미란다,앤 해서웨이|메릴 스트립,Suddenly I See,KT Tunstall,,
2006,movie,카,라이트닝 맥퀸|샐리,오웬 윌슨|보니 헌트,Life Is a Highway,Rascal Flatts,,
2008,movie,슬럼독 밀리어네어,자말|라티카,데브 파텔|프리다 핀토,Jai Ho,A.R. Rahman,,
2008,movie,맘마미아,소피|도나,아만다 사이프리드|메릴 스트립,Mamma Mia,Meryl Streep,,
2009,movie,아바타,제이크 설리|네이티리,샘 워딩턴|조 샐다나,I See You,Leona Lewis,,
2009,movie,업,칼 프레드릭슨|러셀,에드워드 애스너|조던 나가이,Married Life,Michael Giacchino,,
2010,movie,인셉션,코브|아리아드네,레오나르도 디카프리오|엘렌 페이지,Time,Hans Zimmer,,
2010,movie,토이스토리 3,우디|버즈,톰 행크스|팀 알렌,We Belong Together,Randy Newman,,
2011,movie,헬프,스키터|에이블린,엠마 스톤|비올라 데이비스,The Help,토마스 뉴먼,,
2012,movie,레미제라블,장발장|판틴,휴 잭맨|앤 해서웨이,I Dreamed a Dream,Anne Hathaway,,
2012,movie,어벤져스,아이언맨|캡틴 아메리카,로버트 다우니 주니어|크리스 에반스,The Avengers,Alan Silvestri,,
2013,movie,겨울왕국,엘사|안나,이디나 멘젤|크리스틴 벨,Let It Go,Idina Menzel,,
2013,movie,그레이트 개츠비,개츠비|데이지,레오나르도 디카프리오|캐리 멀리건,Young and Beautiful,Lana Del Rey,,
2014,movie,인터스텔라,쿠퍼|머피,매튜 매커너히|제시카 차스테인,Cornfield Chase,Hans Zimmer,,
2014,movie,가디언즈 오브 갤럭시,스타로드|가모라,크리스 프랫|조 샐다나,Hooked on a Feeling,Blue Swede,,
2014,movie,비긴 어게인,그레타|댄,키이라 나이틀리|마크 러팔로,Lost Stars,Adam Levine,,
2015,movie,매드맥스 분노의 도로,맥스|퓨리오사,톰 하디|샤를리즈 테론,Brothers in Arms,Junkie XL,,
2016,movie,라라랜드,세바스찬|미아,라이언 고슬링|엠마 스톤,City of Stars,Ryan Gosling,,
2016,movie,모아나,모아나|마우이,아우이 크라발호|드웨인 존슨,How Far I'll Go,Auli'i Cravalho,,
2016,movie,너의 이름은,타키|미츠하,카미키 류노스케|카미시라이시 모네,Sparkle,RADWIMPS,RADWIMPS Sparkle 너의 이름은,スパークル
2017,movie,위대한 쇼맨,바넘|채러티,휴 잭맨|미셸 윌리엄스,This Is Me,Keala Settle,,
2017,movie,코코,미겔|헥터,안소니 곤잘레스|가엘 가르시아 베르날,Remember Me,Miguel,,
2018,movie,보헤미안 랩소디,프레디 머큐리|메리 오스틴,라미 말렉|루시 보인턴,Bohemian Rhapsody,Queen,,
2018,movie,어 스타 이즈 본,잭슨|앨리,브래들리 쿠퍼|레이디 가가,Shallow,Lady Gaga,,
2019,movie,알라딘,알라딘|자스민,메나 마수드|나오미 스콧,A Whole New World,Mena Massoud,,
2019,movie,겨울왕국 2,엘사|안나,이디나 멘젤|크리스틴 벨,Into the Unknown,Idina Menzel,,
2019,movie,조커,아서 플렉|소피,호아킨 피닉스|자지 비츠,Bathroom Dance,힐두르 구드나도티르,,
2021,movie,엔칸토,미라벨|브루노,스테파니 베아트리즈|존 레귀자모,입에 담지마 브루노,강은애,,
2022,movie,탑건 매버릭,매버릭|페니,톰 크루즈|제니퍼 코넬리,Hold My Hand,Lady Gaga,,
2023,movie,바비,바비|켄,마고 로비|라이언 고슬링,Barbie World,Nicki Minaj,,
2023,movie,스즈메의 문단속,스즈메|소타,하라 나노카|마츠무라 호쿠토,스즈메,RADWIMPS,RADWIMPS 스즈메 문단속,すずめ
2025,movie,케이팝 데몬 헌터스,루미|진우,아든 조|안효섭,Golden,헌트릭스,,
2003,drama,대장금,서장금|민정호,이영애|지진희,오나라,김지현,대장금 오나라,
2012,drama,응답하라 1997,윤윤제|성시원,서인국|정은지,All For You,서인국,,
2013,drama,주군의 태양,주중원|태공실,소지섭|공효진,미치게 만들어,효린,,
2015,drama,오 나의 귀신님,강선우|나봉선,조정석|박보영,오! 나의 귀신님,한소현,,
2016,drama,또 오해영,박도경|오해영,에릭|서현진,니가 참 좋아,정승환,또 오해영 니가 참 좋아,
2016,drama,W,강철|오연주,이종석|한효주,더블유 W,김준석,W Original Television Soundtrack 김준석,
2017,drama,슬기로운 감빵생활,김제혁|이준호,박해수|정경호,"Bravo, My Life!",에릭남,,
2018,drama,나의 아저씨,박동훈|이지안,이선균|아이유,어른,손디아,,
2018,drama,SKY 캐슬,한서진|김주영,염정아|김서형,We All Lie,하니,,
2019,drama,로맨스는 별책부록,차은호|강단이,이종석|이나영,나는 볼 수 없던 이야기,잔나비,,
2020,drama,부부의 세계,지선우|이태오,김희애|박해준,사랑했던 날들,백지영,,
2020,drama,스타트업,남도산|서달미,남주혁|배수지,미래,레드벨벳,스타트업 미래 레드벨벳,
2021,drama,빈센조,빈센조 까사노|홍차영,송중기|전여빈,I'm Always by Your Side,존박,,
2021,drama,그 해 우리는,최웅|국연수,최우식|김다미,서랍,10CM,그 해 우리는 서랍 10CM,
2022,drama,우리들의 블루스,이동석|민선아,이병헌|신민아,With You,지민,,
2022,drama,환혼,장욱|무덕이,이재욱|정소민,바라만 본다,정세운,,
2023,drama,일타 스캔들,최치열|남행선,정경호|전도연,반대편,이적,일타 스캔들 반대편 이적,
2010,drama,성균관 스캔들,이선준|김윤희,박유천|박민영,찾았다,JYJ,,
2011,drama,시티헌터,이윤성|김나나,이민호|박민영,So Goodbye,종현,,
2013,drama,굿닥터,박시온|차윤서,주원|문채원,사랑하고 있습니다,투빅,,
1939,movie,오즈의 마법사,도로시|허수아비,주디 갈랜드|레이 볼저,Over the Rainbow,Judy Garland,,
1952,movie,사랑은 비를 타고,돈 록우드|캐시 셀던,진 켈리|데비 레이놀즈,Singin' in the Rain,Gene Kelly,,
1964,movie,메리 포핀스,메리 포핀스|버트,줄리 앤드루스|딕 반 다이크,Supercalifragilisticexpialidocious,Julie Andrews,,
1972,movie,대부,마이클 콜레오네|비토 콜레오네,알 파치노|말론 브란도,Speak Softly Love,Andy Williams,,
1976,movie,록키,록키 발보아|에이드리언,실베스터 스탤론|탈리아 샤이어,Gonna Fly Now,Bill Conti,,
1977,movie,스타워즈,루크 스카이워커|레아 공주,마크 해밀|캐리 피셔,Main Title,John Williams,스타워즈 Star Wars Main Title John Williams,
1982,movie,이티,엘리엇|E.T.,헨리 토마스|팻 웰시,Flying Theme,John Williams,E.T. Flying Theme John Williams,
1985,movie,백 투 더 퓨처,마티 맥플라이|브라운 박사,마이클 J 폭스|크리스토퍼 로이드,The Power of Love,Huey Lewis and the News,,
1988,movie,이웃집 토토로,사츠키|메이,히다카 노리코|사카모토 치카,이웃집 토토로,히사이시 조,히사이시 조 이웃집 토토로,となりのトトロ
1989,movie,인어공주,에리얼|에릭,조디 벤슨|크리스토퍼 다니엘 반스,Part of Your World,Jodi Benson,,
1993,movie,쥬라기 공원,앨런 그랜트|엘리 새틀러,샘 닐|로라 던,Theme from Jurassic Park,John Williams,,
1994,movie,레옹,레옹|마틸다,장 르노|나탈리 포트만,Shape of My Heart,Sting,,
1995,movie,토이 스토리,우디|버즈,톰 행크스|팀 알렌,You've Got a Friend in Me,Randy Newman,,
1996,movie,로미오와 줄리엣,로미오|줄리엣,레오나르도 디카프리오|클레어 데인즈,Kissing You,Des'ree,,
1997,movie,굿 윌 헌팅,윌 헌팅|숀 맥과이어,맷 데이먼|로빈 윌리엄스,Miss Misery,Elliott Smith,,
1997,movie,원령공주,아시타카|산,마츠다 요지|이시다 유리코,모노노케 히메,히사이시 조,히사이시 조 모노노케 히메,もののけ姫
2001,movie,센과 치히로의 행방불명,치히로|하쿠,히이라기 루미|이리노 미유,One Summer's Day,히사이시 조,히사이시 조 센과 치히로 One Summer's Day,あの夏へ
2002,movie,시카고,록시 하트|벨마 켈리,르네 젤위거|캐서린 제타 존스,All That Jazz,Catherine Zeta-Jones,,
2004,movie,하울의 움직이는 성,하울|소피,기무라 타쿠야|바이쇼 치에코,인생의 회전목마,히사이시 조,히사이시 조 인생의 회전목마 하울,Merry-Go-Round
2006,movie,드림걸즈,에피 화이트|디나 존스,제니퍼 허드슨|비욘세,And I Am Telling You I'm Not Going,Jennifer Hudson,,
2007,movie,원스,그|그녀,글렌 한사드|마르케타 이글로바,Falling Slowly,Glen Hansard,,
2016,movie,주토피아,주디 홉스|닉 와일드,지니퍼 굿윈|제이슨 베이트먼,Try Everything,Shakira,,
2018,movie,스파이더맨 뉴 유니버스,마일스 모랄레스|그웬,샤메익 무어|헤일리 스타인펠드,Sunflower,Post Malone,,
2019,movie,날씨의 아이,모리시마 호다카|아마노 히나,다이고 코타로|모리 나나,Grand Escape,RADWIMPS,RADWIMPS Grand Escape,
2019,movie,귀멸의 칼날,카마도 탄지로|렌고쿠 쿄쥬로,하나에 나츠키|히노 사토시,홍련화,LiSA,LiSA 홍련화 귀멸의 칼날,紅蓮華
2022,movie,엘비스,엘비스 프레슬리|프리실라,오스틴 버틀러|올리비아 드종,Vegas,Doja Cat,,
2024,movie,위키드,엘파바|글린다,신시아 에리보|아리아나 그란데,Defying Gravity,Cynthia Erivo,,
2011,movie,블랙 스완,니나|릴리,나탈리 포트만|밀라 쿠니스,Nina's Dream,클린트 먼셀,,
2004,movie,해리포터와 아즈카반의 죄수,해리 포터|시리우스 블랙,다니엘 래드클리프|게리 올드만,Double Trouble,John Williams,,
2005,movie,나니아 연대기,피터|루시,윌리엄 모즐리|조지 헨리,The Battle,Harry Gregson-Williams,,
2007,movie,라따뚜이,레미|링귀니,패튼 오스왈트|루 로마노,Le Festin,Camille,,
2008,movie,월-E,월-E|이브,벤 버트|엘리사 나이트,Down to Earth,Peter Gabriel,,
2010,movie,라푼젤,라푼젤|플린 라이더,맨디 무어|재커리 리바이,I See the Light,Mandy Moore,,
2012,movie,헝거게임,캣니스|피타,제니퍼 로렌스|조쉬 허처슨,Safe & Sound,Taylor Swift,,
2014,movie,베이맥스,히로|베이맥스,라이언 포터|스캇 애짓,Immortals,Fall Out Boy,,
2015,movie,인사이드 아웃,라일리|기쁨,카이틀린 디아스|에이미 포엘러,Bundle of Joy,Michael Giacchino,,
2017,movie,미녀와 야수 실사,벨|야수,엠마 왓슨|댄 스티븐스,Beauty and the Beast,Ariana Grande,,
2018,movie,블랙 팬서,티찰라|킬몽거,채드윅 보스만|마이클 B 조던,All the Stars,Kendrick Lamar,,
2019,movie,라이온 킹 실사,심바|날라,도널드 글로버|비욘세,Spirit,Beyoncé,,
2019,movie,어벤져스 엔드게임,아이언맨|캡틴 아메리카,로버트 다우니 주니어|크리스 에반스,Portals,Alan Silvestri,,
2021,movie,크루엘라,에스텔라|남작부인,엠마 스톤|엠마 톰슨,Call Me Cruella,Nicholas Britell,,
2022,movie,아바타 물의 길,제이크 설리|네이티리,샘 워딩턴|조 샐다나,Nothing Is Lost,The Weeknd,,
2023,movie,스파이더맨 어크로스 더 스파이더버스,마일스 모랄레스|그웬,샤메익 무어|헤일리 스타인펠드,Annihilate,Metro Boomin,,
2023,movie,오펜하이머,오펜하이머|키티,킬리언 머피|에밀리 블런트,Can You Hear the Music,Ludwig Göransson,,
1993,movie,시애틀의 잠 못 이루는 밤,샘 볼드윈|애니 리드,톰 행크스|맥 라이언,When I Fall in Love,Celine Dion,,
1990,movie,나 홀로 집에,케빈|해리,맥컬리 컬킨|조 페시,Somewhere in My Memory,John Williams,,
1999,movie,식스 센스,말콤 크로우|콜 시어,브루스 윌리스|할리 조엘 오스먼트,The Sixth Sense: Lonely Boy,제임스 뉴튼 하워드,,
2003,movie,라스트 사무라이,네이든 알그렌|카츠모토,톰 크루즈|와타나베 켄,A Way of Life,Hans Zimmer,,
2009,movie,셜록 홈즈,셜록 홈즈|왓슨,로버트 다우니 주니어|주드 로,Discombobulate,Hans Zimmer,,
2011,movie,드라이브,드라이버|아이린,라이언 고슬링|캐리 멀리건,Nightcall,Kavinsky,,
2013,movie,월터의 상상은 현실이 된다,월터 미티|셰릴,벤 스틸러|크리스틴 위그,Step Out,José González,,
2017,movie,덩케르크,토미|파리어,핀 화이트헤드|톰 하디,Supermarine,Hans Zimmer,,
2020,movie,소울,조 가드너|22,제이미 폭스|티나 페이,It's All Right,Jon Batiste,,
2021,movie,듄,폴 아트레이데스|채니,티모시 샬라메|젠데이아,Paul's Dream,Hans Zimmer,,
2024,movie,인사이드 아웃 2,라일리|불안,케이트 딕스|마야 호크,Inside Outro,Andrea Datzman,,
