번호,발매연도,가수,곡,실제매칭가수,실제매칭곡,앨범,앨범연도
1,1980,산울림,창문 너머 어렴풋이,산울림,창문 너머 어렴풋이 옛 생각이 나겠지요,산울림 제6집 - 조금만 기다려요,1980
2,1980,조용필,창밖의 여자,조용필,창밖의 여자,조용필 1집,1980
3,1980,조용필,단발머리,조용필,단발머리,조용필 1집,1980
4,1981,조용필,고추잠자리,조용필,고추잠자리,조용필 3집,1981
5,1982,이용,잊혀진 계절,이용,잊혀진 계절,Come Back,2006
6,1982,조용필,못찾겠다 꾀꼬리,조용필,못찾겠다 꾀꼬리,조용필 4집,1982
7,1982,조용필,비련,조용필,비련,조용필 4집,1982
8,1983,김수철,못다 핀 꽃 한 송이,김수철,못다핀 꽃 한 송이,못다핀 꽃 한 송이,1983
9,1983,정수라,아! 대한민국,정수라,아! 대한민국,정수라 오리지날 총결산집,1983
10,1983,조용필,친구여,조용필,친구여,조용필 5집,1983
11,1984,김수철,젊은 그대,김수철,젊은 그대,젊은 그대,1984
12,1984,김수철,나도야 간다,김수철,나도야 간다,젊은 그대,1984
13,1984,나미,빙글빙글,나미,빙글빙글,골든앨범,1984
14,1984,이문세,나는 행복한 사람,이문세,나는 행복한 사람,나는 행복한 사람,1984
15,1984,이선희,J에게,이선희,J에게,이선희 1집,1985
16,1985,들국화,그것만이 내 세상,들국화,그것만이 내 세상,들국화 Ⅰ,1985
17,1985,박미경,민들레 홀씨되어,박미경,민들레 홀씨되어,85 Mbc 강변가요제 제6회(그대 먼곳에/밤에 피는 장미),1985
18,1985,이문세,난 아직 모르잖아요,이문세,난 아직 모르잖아요,난 아직 모르잖아요,1985
19,1985,이문세,소녀,이문세,소녀,난 아직 모르잖아요,1985
20,1985,조용필,킬리만자로의 표범,조용필,킬리만자로의 표범,조용필 8집,1985
21,1985,조용필,그 겨울의 찻집,조용필,그 겨울의 찻집,조용필 8집,1985
22,1985,주현미,비 내리는 영동교,주현미,비내리는 영동교,비내리는 영동교/그 정을 어이해요,1985
23,1986,김완선,오늘밤,김완선,오늘밤,The Original,2017
24,1986,이선희,알고 싶어요,이선희,알고 싶어요,이선희 2집,1986
25,1987,김완선,나 홀로 뜰 앞에서,김완선,Alone in Front of the Yard,Alone in Front of the Yard,1987
26,1987,소방차,어젯밤 이야기,소방차,어젯밤 이야기,어젯밤 이야기,1987
27,1987,유재하,사랑하기 때문에,유재하,사랑하기 때문에,사랑하기 때문에,1987
28,1987,이문세,사랑이 지나가면,이문세,사랑이 지나가면,이문세 4집,1987
29,1987,이문세,깊은 밤을 날아서,이문세,깊은 밤을 날아서,이문세 4집,1987
30,1987,이문세,그녀의 웃음소리뿐,이문세,그녀의 웃음소리뿐,이문세 4집,1987
31,1987,전인권,사랑한 후에,전인권 & 허성욱,사랑한 후에,1979-1987 추억 들국화,1987
32,1988,무한궤도,그대에게,무한궤도,그대에게,88 MBC 대학가요제,1988
33,1988,변진섭,홀로된다는 것,변진섭,홀로 된다는 것,홀로 된다는 것,1989
34,1988,소방차,통화중,소방차,통화중,Sobangcha 96 Forever,1996
35,1988,이문세,광화문 연가,이문세,광화문 연가,5집,1988
36,1988,이문세,가로수 그늘 아래 서면,이문세,가로수 그늘아래 서면,5집,1988
37,1988,정수라,환희,정수라,환희,가요산책 2,1994
38,1988,주현미,신사동 그 사람,주현미,신사동 그사람,주현미 2집,1990
39,1989,나미,인디언 인형처럼,나미,Like an Indian Doll,아무말 않으리,1989
40,1989,동물원,혜화동,동물원,혜화동,동물원 2집,1988
41,1989,변진섭,희망사항,변진섭,희망사항,너에게로 또 다시,1989
42,1989,이승철,안녕이라고 말하지마,이승철,안녕이라고 말하지마,HIT BANK,1989
43,1989,이지연,바람아 멈추어다오,이지연,바람아 멈추어다오,그 후론,1989
44,1989,푸른하늘,겨울바다,푸른하늘,겨울바다,푸른하늘 2집 (눈물나는 날에는),1989
45,1990,강수지,보라빛 향기,강수지,보라빛 향기,최고인기가수 최고인기가요 3집,1990
46,1990,김완선,삐에로는 우릴 보고 웃지,김완선,삐에로는 우릴 보고 웃지,The Original,2002
47,1990,민해경,보고 싶은 얼굴,민해경,보고 싶은 얼굴,히스토리 40년,1990
48,1990,변진섭,너에게로 또 다시,변진섭,너에게로 또 다시,너에게로 또 다시,1989
49,1990,신승훈,미소 속에 비친 그대,신승훈,미소 속에 비친 그대,보이지 않는 사랑,1990
50,1990,윤상,이별의 그늘,윤상,이별의 그늘,1집 윤상,1991
51,1990,이승철,마지막 콘서트,이승철,마지막 콘서트,Part 2,1989
52,1991,015B,너에게 들려주고 싶은 이야기,015B,너에게 들려주고 싶은 이야기,Second Episode,1991
53,1991,김현식,내사랑 내곁에,김현식,내 사랑 내곁에,김현식 Vol.6,1991
54,1991,신승훈,보이지 않는 사랑,신승훈,보이지 않는 사랑,보이지 않는 사랑,1991
55,1991,양수경,사랑은 차가운 유혹,양수경,사랑은 차가운 유혹,양수경 골든,1992
56,1991,윤상,가려진 시간 사이로,윤상,가려진 시간 사이로,"Yoon Sang, Pt. 1",1992
57,1991,이문세,옛사랑,이문세,옛 사랑,이문세 7집 [VII],1991
58,1991,푸른하늘,자아도취,푸른하늘,자아도취,The Best Of Blue Sky Last Concert,1994
59,1992,015B,아주 오래된 연인들,015B,아주 오래된 연인들,The Third Wave,1992
60,1992,서태지와 아이들,난 알아요,서태지와 아이들,난 알아요 (Club Mix),Seotaiji and Boys,1992
61,1992,서태지와 아이들,환상속의 그대,서태지와 아이들,환상속의 그대,Seotaiji and Boys,1992
62,1993,015B,신인류의 사랑,015B,신 인류의 사랑,The Fourth Movement,1993
63,1993,공일오비,어디선가 나의 노랠 듣고 있을 너,015B,어디선가 나의 노랠 듣고 있을 너에게,The Fourth Movement,1993
64,1993,김건모,핑계,김건모,핑계,Excuses,1993
65,1993,서태지와 아이들,하여가,서태지와 아이들,하여가,Seotaiji and Boys II,1993
66,1993,신승훈,널 사랑하니까,신승훈,널 사랑하니까,Because I Love You,1993
67,1993,이승철,방황,이승철,방황,20th Anniversary Live In 2005 (Live),2005
68,1994,서태지와 아이들,교실 이데아,서태지와 아이들,교실 이데아,Seotaiji and Boys III,1994
69,1994,서태지와 아이들,발해를 꿈꾸며,서태지와 아이들,발해를 꿈꾸며,Seotaiji and Boys III,1994
70,1994,신승훈,그 후로 오랫동안,신승훈,그 후로 오랫동안,그 후로 오랫동안...,1994
71,1994,투투,일과 이분의 일,투투,일과 이분의 일,투투(Two Two) 일과 이분의 일,1994
72,1995,DJ DOC,머피의 법칙,DJ DOC,머피의 법칙,머피의 법칙,1995
73,1995,R.ef,이별공식,R.ef,이별 공식,Rave Effect,1995
74,1995,김건모,잘못된 만남,김건모,잘못된 만남,Wrongful Meeting,1995
75,1995,노이즈,상상속의 너,노이즈,상상속의 너,Fantasized You,1995
76,1995,룰라,날개 잃은 천사,룰라,날개 잃은 천사,날개 잃은 천사,1995
77,1995,박미경,이브의 경고,박미경,이브의 경고 (2009 Remastering),2010 Deluxe Edition,1995
78,1995,서태지와 아이들,컴백홈,서태지와 아이들,Come Back Home,Seotaiji and Boys IV,1995
79,1995,이승환,천일동안,이승환,천일동안,Human,1995
80,1995,터보,나 어릴적 꿈,터보,나 어릴적 꿈,280km / h speed,1995
81,1996,DJ DOC,겨울 이야기,DJ DOC,겨울 이야기,Season‘s Greeting,2000
82,1996,H.O.T.,전사의 후예,H.O.T.,전사의 후예 - 폭력시대,We Hate All Kinds of Violence... - The 1st Album,1996
83,1996,H.O.T.,캔디,H.O.T.,Candy,We Hate All Kinds of Violence... - The 1st Album,1996
84,1996,김건모,스피드,김건모,스피드,Exchange Kg. M4,1996
85,1996,박진영,그녀는 예뻤다,박진영,그녀는 예뻤다,썸머징글벨,1996
86,1996,양파,애송이의 사랑,yangpa,애송이의 사랑,Yangpa,1996
87,1996,언타이틀,책임져,언타이틀,책임져,무제 (無題),1996
88,1996,쿨,운명,쿨,운명,Destined For the Best,1996
89,1996,클론,꿍따리 샤바라,클론,꿍따리 샤바라,Are You Ready?,1996
90,1997,H.O.T.,We are the Future,H.O.T.,We Are the Future,Wolf & Sheeps - The 2nd Album,1997
91,1997,H.O.T.,행복,H.O.T.,행복,Wolf & Sheeps - The 2nd Album,1997
92,1997,S.E.S.,I'm Your Girl,S.E.S.,I'm Your Girl,S.E.S. - The 1st Album,1997
93,1997,젝스키스,폼생폼사,젝스키스,사나이 가는 길 (폼생폼사),학원별곡,1997
94,1997,젝스키스,학원별곡,젝스키스,학원별곡,학원별곡,1997
95,1998,S.E.S.,Dreams Come True,S.E.S.,Dreams Come True,Sea & Eugene & Shoo - The 2nd Album,1998
96,1998,S.E.S.,너를 사랑해,S.E.S.,너를 사랑해,Sea & Eugene & Shoo - The 2nd Album,1998
97,1998,김현정,그녀와의 이별,김현정,그녀와의 이별,Legend,1997
98,1998,유승준,나나나,유승준,나나나,1998 V2: For Sale (NONE),1998
99,1998,젝스키스,커플,젝스키스,커플,Special,1998
100,1998,조성모,To Heaven,조성모,To Heaven,To Heaven,1998
101,1998,조성모,불멸의 사랑,조성모,불멸의 사랑,To Heaven,1998
102,1998,코요태,순정,코요태,순정,순정,1998
103,1998,쿨,애상,쿨,애상,Cool 4,1998
104,1998,핑클,블루레인,핑클,Blue Rain,Fine Killing Liberty : Blue Rain,1998
105,1998,핑클,내 남자친구에게,핑클,내 남자 친구에게,Fine Killing Liberty : Blue Rain,1998
106,1998,핑클,루비,핑클,루비 (Live),Fin.K.L First Concert (Live in 1999),1999
107,1999,god,어머님께,지오디,어머님께,Chapter 1,1998
108,1999,god,사랑해 그리고 기억해,지오디,사랑해 그리고 기억해,Chapter 2,1999
109,1999,드렁큰타이거,너희가 힙합을 아느냐,드렁큰타이거,너희가 힙합을 아느냐?,Year of the Tiger,1999
110,1999,베이비복스,Killer,베이비복스,Killer,Come Come Come baby,1997
111,1999,이정현,와,이정현,와,Let's Go To My Star,1999
112,1999,핑클,영원한 사랑,핑클,영원한 사랑,White,1999
113,2000,god,거짓말,지오디,거짓말,Chapter 3,2000
114,2000,김현정,멍,김현정,멍,The Third Eye,2000
115,2000,왁스,오빠,왁스,오빠,왁스 1집 - 엄마의 일기,2000
116,2000,조성모,아시나요,조성모,아시나요,Let Me Love,2000
117,2000,조성모,가시나무,조성모,가시나무,Classic,2000
118,2001,god,길,지오디,길,Chapter 4,2001
119,2001,브라운아이즈,벌써 일년,Brown Eyes,벌써 일년,Brown Eyes,2001
120,2001,성시경,내게 오는 길,성시경,내게 오는 길 (Bonus Track),처음처럼,2000
121,2001,싸이,새,싸이,새,Psy From The Psycho World,2001
122,2001,포지션,I Love You,포지션,I Love You,I Love You,2000
123,2002,김범수,보고싶다,김범수,보고 싶다,보고 싶다,2002
124,2002,보아,No.1,보아,No.1,NO.1 - The 2nd Album,2002
125,2002,비,나쁜 남자,비,나쁜 남자,N001,2002
126,2002,이수영,라라라,이수영,라라라,Sweet Holiday In Lombok,2002
127,2002,장나라,Sweet Dream,장나라,Sweet Dream,Sweet Dream,2002
128,2002,휘성,안되나요,휘성,안되나요,Like a Movie,2002
129,2003,보아,아틀란티스 소녀,보아,아틀란티스 소녀,Atlantis Princess - The 3rd Album,2003
130,2003,세븐,와줘,SE7EN,와줘,Just Listen,2003
131,2003,이효리,10 Minutes,이효리,10 Minutes,Stylish...,2003
132,2003,휘성,With Me,휘성,With Me,YG 10th Anniversary,2003
133,2004,MC몽,너에게 쓰는 편지,MC 몽,너에게 쓰는 편지 (feat. Lyn),180 Degree,2004
134,2004,SG워너비,Timeless,SG Wannabe,Timeless,SG Wanna Be+,2004
135,2004,김종국,한 남자,김종국,한 남자,Evolution,2004
136,2004,신화,Brand New,신화,Brand New,Brand New,2004
137,2004,이수영,휠릴리,이수영,휠릴리,The Colors Of My Life,2004
138,2004,장윤정,어머나,장윤정,어머나!,어머나 !,2003
139,2005,SG워너비,살다가,SG Wannabe,살다가,살다가,2005
140,2005,SG워너비,죄와 벌,SG Wannabe,죄와 벌,살다가,2005
141,2005,SS501,Snow Prince,SS501,Snow Prince,SS501 2nd Single,2005
142,2005,김종국,사랑스러워,김종국,사랑스러워,This is me,2005
143,2005,동방신기,Rising Sun,동방신기,순수,Rising Sun - 2nd Album,2005
144,2005,버즈,겁쟁이,버즈,겁쟁이,Buzz Effect,2005
145,2005,버즈,나에게로 떠나는 여행,버즈,나에게로 떠나는 여행,Buzz Effect,2005
146,2005,에픽하이,Fly,에픽하이,Fly (feat. Amin. J),Swan Songs,2005
147,2005,이승철,서쪽하늘,이승철,서쪽 하늘,청연 Original Sound Track,2005
148,2006,SG워너비,Partner for Life,SG Wannabe,Partner for Life,The 3rd Masterpiece,2006
149,2006,씨야,미친 사랑의 노래,씨야,미친 사랑의 노래,California Dream,2008
150,2007,FT아일랜드,사랑앓이,FTISLAND,사랑앓이,Cheerful Sensibility,2007
151,2007,빅뱅,거짓말,BIGBANG,거짓말,Always - EP,2007
152,2007,빅뱅,마지막 인사,BIGBANG,마지막 인사,Hot Issue - EP,2007
153,2007,소녀시대,다시 만난 세계,소녀시대,다시 만난 세계,소녀시대,2007
154,2007,아이비,유혹의 소나타,아이비,유혹의 소나타,A Sweet Moment,2007
155,2007,원더걸스,Tell Me,Wonder Girls,Tell Me,2 Different Tears,2010
156,2007,윤미래,잊었니,윤미래,잊었니…,t 3 YOONMIRAE,2007
157,2008,빅뱅,하루하루,BIGBANG,하루하루,Stand Up - EP,2008
158,2008,샤이니,누난 너무 예뻐,SHINee,누난 너무 예뻐,누난 너무 예뻐 The First Mini Album - EP,2008
159,2008,아이유,미아,아이유,미아,Lost and Found - EP,2009
160,2008,원더걸스,Nobody,Wonder Girls,Nobody,2 Different Tears,2009
161,2008,원더걸스,So Hot,Wonder Girls,So Hot,So Hot,2008
162,2008,이승철,그런 사람 또 없습니다,이승철,그런사람 또 없습니다,사랑 참 어렵다 (이승철 10th 리패키지) - Single,2009
163,2008,이효리,Hey Mr. Big,이효리,Hey Mr. Big,It′s Hyorish,2008
164,2008,이효리,U-Go-Girl,이효리,U-Go-Girl (feat. Nassun),It′s Hyorish,2008
165,2008,카라,Rock U,카라,Rock U,카라 1st - EP,2008
166,2009,2NE1,I Don't Care,2NE1,I Don't Care,2NE1 1st Mini Album,2009
167,2009,2PM,Again & Again,2PM,Again & Again,2:00PM Time for Change,2009
168,2009,다비치,8282,다비치,8282,Davichi In Wonderland - EP,2009
169,2009,브라운아이드걸스,아브라카다브라,Brown Eyed Girls,Abracadabra,Sound G.,2009
170,2009,소녀시대,Gee,소녀시대,Gee,Gee - EP,2009
171,2009,소녀시대,Genie,소녀시대,소원을 말해봐 (Genie),소원을 말해봐 (Genie) - EP,2009
172,2009,슈퍼주니어,Sorry Sorry,SUPER JUNIOR,쏘리 쏘리,쏘리 쏘리,2009
173,2009,애프터스쿨,Diva,애프터스쿨,DIVA,Diva - Single,2009
174,2009,카라,미스터,카라,미스터,Revolution,2009
175,2009,티아라,Bo Peep Bo Peep,T-ara,Bo Peep Bo Peep,Absolute First Album,2009
176,2010,미쓰에이,Bad Girl Good Girl,miss A,Bad Girl Good Girl,Bad But Good,2010
177,2010,비스트,Beautiful,비스트,Beautiful,Lights Go on Again - EP,2010
178,2010,비스트,쇼크,비스트,Shock,Shock of the New Era - EP,2010
179,2010,씨엔블루,외톨이야,씨엔블루,외톨이야,Bluetory - EP,2010
180,2010,아이유,좋은 날,아이유,좋은 날,Real,2010
181,2011,미쓰에이,Good Bye Baby,miss A,Good-Bye Baby,A Class,2011
182,2011,빅뱅,Tonight,BIGBANG,Tonight,BIGBANG (Special Edition),2011
183,2011,씨스타,So Cool,SISTAR,쏘쿨,So Cool,2011
184,2011,아이유,너랑 나,아이유,너랑 나,Last Fantasy,2011
185,2011,티아라,롤리폴리,T-ara,ROLY-POLY,존트라볼타 워너비,2011
186,2012,버스커버스커,벚꽃 엔딩,버스커버스커,벚꽃 엔딩,버스커버스커 1집,2012
187,2012,빅뱅,Fantastic Baby,BIGBANG,Fantastic Baby,Alive,2012
188,2012,싸이,강남스타일,싸이,강남스타일,"싸이6甲, Pt. 1 - EP",2012
189,2012,씨스타,나 혼자,SISTAR,나혼자,Alone,2012
190,2012,인피니트,추격자,INFINITE,추격자,Infinitize,2012
191,2013,소녀시대,I Got A Boy,소녀시대,I Got a Boy,The 4th Album 'I Got a Boy',2013
192,2013,씨스타,Give It To Me,SISTAR,Give It To Me,Give It To Me,2013
193,2013,아이유,분홍신,아이유,분홍신,Modern Times,2013
194,2013,엑소,으르렁,EXO,으르렁,The 1st Album 'XOXO' (Repackage),2013
195,2013,엑소,늑대와 미녀,EXO,늑대와 미녀,The 1st Album 'XOXO' (Repackage),2013
196,2013,크레용팝,빠빠빠,크레용팝,빠빠빠,빠빠빠 - Single,2013
197,2014,EXID,위아래,EXID,Up & Down,Up & Down - Single,2014
198,2014,소유 정기고,썸,정기고 & SoYou,썸 Some (feat. 긱스 릴보이),썸 - Single,2014
199,2014,아이유,너의 의미,아이유,너의 의미 (feat. 김창완),꽃갈피,2014
200,2014,악동뮤지션,200%,악뮤,200%,PLAY,2014
201,2014,에이핑크,Mr. Chu,Apink,Mr. Chu,Pink Blossom,2014
202,2014,자이언티,양화대교,Zion.T,양화대교,양화대교 - Single,2014
203,2014,태양,눈코입,태양,"눈, 코, 입",Rise,2014
204,2015,백예린,우주를 건너,백예린,우주를 건너,FRANK - EP,2015
205,2015,빅뱅,BANG BANG BANG,BIGBANG,BANG BANG BANG,A - Single,2015
206,2015,빅뱅,LOSER,BIGBANG,LOSER,M - Single,2015
207,2015,아이유,스물셋,아이유,스물셋,CHAT-SHIRE,2015
208,2015,여자친구,오늘부터 우리는,여자친구,오늘부터 우리는,Flower Bud - EP,2015
209,2015,자이언티,꺼내 먹어요,Zion.T,꺼내 먹어요,꺼내 먹어요 - Single,2015
210,2016,볼빨간사춘기,우주를 줄게,볼빨간사춘기,우주를 줄게,Full Album RED PLANET,2016
211,2016,블랙핑크,휘파람,BLACKPINK,휘파람,SQUARE ONE - Single,2016
212,2016,아이오아이,너무너무너무,아이오아이,너무너무너무,miss me? - EP,2016
213,2016,여자친구,시간을 달려서,여자친구,시간을 달려서,SNOWFLAKE,2016
214,2016,트와이스,CHEER UP,TWICE,CHEER UP,PAGE TWO - EP,2016
215,2016,트와이스,TT,TWICE,TT,TWICEcoaster: LANE1,2016
216,2017,레드벨벳,빨간 맛,레드벨벳,빨간 맛,The Red Summer - Summer Mini Album - EP,2017
217,2017,방탄소년단,DNA,방탄소년단,DNA,Love Yourself 結 'Answer',2017
218,2017,브레이브걸스,롤린,브레이브걸스,롤린,Rollin' - EP,2017
219,2017,블랙핑크,마지막처럼,BLACKPINK,마지막처럼,마지막처럼 - Single,2017
220,2017,아이유,밤편지,아이유,밤편지,밤편지 - Single,2017
221,2017,워너원,에너제틱,워너원,에너제틱,1-1=0 (Nothing Without You),2017
222,2017,트와이스,Signal,TWICE,SIGNAL,SIGNAL - EP,2017
223,2018,모모랜드,BBoom BBoom,모모랜드,뿜뿜,Great! - EP,2018
224,2018,방탄소년단,IDOL,방탄소년단,IDOL,Love Yourself 結 'Answer',2018
225,2018,블랙핑크,뚜두뚜두,BLACKPINK,뚜두뚜두,SQUARE UP - EP,2018
226,2018,선미,사이렌,선미,사이렌,WARNING - EP,2018
227,2018,수지,다른 사람을 사랑하고 있어,수지,다른사람을 사랑하고 있어,Faces of Love,2018
228,2018,아이콘,사랑을 했다,iKON,사랑을 했다,Return,2018
229,2018,오마이걸,불꽃놀이,오마이걸,불꽃놀이 (Remember Me),Remember Me - EP,2018
230,2018,트와이스,What is Love?,TWICE,What is Love?,Summer Nights,2018
231,2018,폴킴,모든 날 모든 순간,폴킴,"모든 날, 모든 순간","키스 먼저 할까요? (Original Television Soundtrack), Pt. 3 - Single",2018
232,2019,ITZY,달라달라,ITZY,달라달라,IT'z Different - Single,2019
233,2019,방탄소년단,작은 것들을 위한 시,방탄소년단,작은 것들을 위한 시 (Boy With Luv) [feat. Halsey],MAP OF THE SOUL : PERSONA,2019
234,2019,아이유,Blueming,아이유,Blueming,Love Poem - EP,2019
235,2019,악동뮤지션,어떻게 이별까지 사랑하겠어,악뮤,"어떻게 이별까지 사랑하겠어, 널 사랑하는 거지",항해,2019
236,2019,잔나비,주저하는 연인들을 위해,잔나비,주저하는 연인들을 위해,전설,2019
237,2019,장범준,흔들리는 꽃들 속에서 네 샴푸향이 느껴진거야,장범준,흔들리는 꽃들 속에서 네 샴푸향이 느껴진거야,멜로가 체질 (Original Television Soundtrack),2019
238,2019,화사,멍청이,화사,멍청이,멍청이 - Single,2019
239,2020,방탄소년단,Dynamite,방탄소년단,Dynamite,BE,2020
240,2020,블랙핑크,How You Like That,BLACKPINK,How You Like That,How You Like That - Single,2020
241,2020,아이유,에잇,아이유,에잇 (feat. SUGA),에잇 (feat. SUGA) - Single,2020
242,2020,아이즈원,Fiesta,아이즈원,FIESTA,BLOOM*IZ,2020
243,2020,오마이걸,살짝 설렜어,오마이걸,살짝 설렜어 (Nonstop),NONSTOP - EP,2020
244,2020,지코,아무노래,ZICO,아무노래,아무노래 - Single,2020
245,2021,STAYC,ASAP,STAYC,ASAP,STAYDOM - EP,2021
246,2021,방탄소년단,Butter,방탄소년단,Butter,Proof,2021
247,2021,아이유,라일락,아이유,라일락,IU 5th Album 'LILAC',2021
248,2021,아이유,Celebrity,아이유,Celebrity,Celebrity - Single,2021
249,2021,악뮤,낙하,악뮤,낙하 (with 아이유),NEXT EPISODE - EP,2021
250,2021,에스파,Next Level,aespa,Next Level,Next Level - Single,2021
251,2021,투모로우바이투게더,0X1=LOVESONG,투모로우바이투게더,0X1=LOVESONG (I Know I Love You) [feat. Seori],혼돈의 장: FREEZE,2021
252,2022,뉴진스,Attention,뉴진스,Attention,NewJeans 1st EP 'New Jeans',2022
253,2022,뉴진스,Ditto,뉴진스,Ditto,Ditto - Single,2022
254,2022,뉴진스,Hype Boy,뉴진스,Hype Boy,NewJeans 1st EP 'New Jeans',2022
255,2022,르세라핌,FEARLESS,르세라핌,FEARLESS,FEARLESS - EP,2022
256,2022,블랙핑크,Pink Venom,BLACKPINK,Pink Venom,BORN PINK,2022
257,2022,빅뱅,봄여름가을겨울,BIGBANG,봄여름가을겨울 (Still Life),봄여름가을겨울 (Still Life) - Single,2022
258,2022,아이브,LOVE DIVE,아이브,LOVE DIVE,LOVE DIVE - Single,2022
259,2022,아이브,After LIKE,아이브,After LIKE,After LIKE - Single,2022
260,2022,임영웅,다시 만날 수 있을까,임영웅,다시 만날 수 있을까,IM HERO,2022
261,2023,뉴진스,Super Shy,뉴진스,Super Shy,NewJeans 'Super Shy' - Single,2023
262,2023,르세라핌,UNFORGIVEN,르세라핌 & Nile Rodgers,UNFORGIVEN,UNFORGIVEN,2023
263,2023,세븐틴,손오공,세븐틴,손오공,세븐틴 미니10집 'FML' - EP,2023
264,2023,아이브,I AM,아이브,I AM,I've IVE,2023
265,2023,아이브,Kitsch,아이브,Kitsch,Kitsch - Single,2023
266,2023,피프티피프티,Cupid,피프티 피프티,Cupid,The Beginning: Cupid - Single,2022
267,2024,QWER,고민중독,QWER,고민중독,1st Mini Album 'MANITO',2024
268,2024,RESCENE,LOVE ATTACK,리센느,LOVE ATTACK,SCENEDROME - EP,2024
269,2024,뉴진스,Supernatural,뉴진스,Supernatural,Supernatural - Single,2024
270,2024,데이식스,Welcome to the Show,데이식스,Welcome to the Show,Fourever,2024
271,2024,베이비몬스터,DRIP,BABYMONSTER,DRIP,DRIP,2024
272,2024,아이유,Love wins all,아이유,Love wins all,Love wins all - Single,2024
273,2024,아일릿,Magnetic,아일릿,Magnetic,SUPER REAL ME - EP,2024
274,2024,에스파,Supernova,aespa,Supernova,Supernova - Single,2024
275,2024,엔믹스,Dash,NMIXX,DASH,Fe3O4: BREAK,2024
276,2024,투어스,첫 만남은 계획대로 되지 않아,투어스,첫 만남은 계획대로 되지 않아,투어스 미니 1집 'Sparkling Blue' - EP,2024
277,2025,CORTIS,GO!,코르티스,GO!,COLOR OUTSIDE THE LINES - EP,2025
278,2025,Hearts2Hearts,Style,Hearts2Hearts,STYLE,STYLE - Single,2025
279,2025,KiiiKiii,I DO ME,키키,I DO ME,I DO ME - Single,2025
280,2025,NMIXX,Blue Valentine,NMIXX,Blue Valentine,Blue Valentine,2025
281,2025,데이식스,Maybe Tomorrow,데이식스,Maybe Tomorrow,Maybe Tomorrow - Single,2025
282,2025,르세라핌,Come Over,르세라핌,Come Over,HOT - EP,2025
283,2025,블랙핑크,JUMP,BLACKPINK,JUMP (Mixed),"INS LAND: ISSA LEE at Culture Club, November 2025 (DJ Mix)",2025
284,2025,아이들,Girlfriend,i-dle,Girlfriend,We are - EP,2025
285,2025,아이브,XOXZ,아이브,XOXZ,IVE SECRET - EP,2025
286,2025,에스파,Dirty Work,aespa,Dirty Work,Dirty Work (Apple Music Edition) - EP,2025
287,2025,에이티즈,Lemon Drop,에이티즈,Lemon Drop,GOLDEN HOUR : Part.3 - EP,2025
288,2025,우즈,I'll Never Love Again,WOODZ,I'll Never Love Again,I’ll Never Love Again - Single,2025
289,2025,제니,like JENNIE,제니,like JENNIE (Mixed),"INS LAND: DJ Jackie at Culture Club, December 2025 (DJ Mix)",2026
290,2025,키스오브라이프,Lips Hips Kiss,KISS OF LIFE,Lips Hips Kiss,224,2025
291,2025,텐,STUNNER,텐,STUNNER,STUNNER - The 2nd Mini Album,2025
292,2025,트레저,YELLOW,TREASURE,YELLOW,SPECIAL MINI ALBUM [PLEASURE] - EP,2025
293,2025,헌트릭스,Golden,"HUNTR/X, EJAE, AUDREY NUNA, REI AMI & KPop Demon Hunters Cast",Golden,KPop Demon Hunters (Soundtrack from the Netflix Film),2025
294,2025,화사,Good Goodbye,화사,Good Goodbye,Good Goodbye - Single,2025
295,2026,CORTIS,RedRed,코르티스,REDRED,GREENGREEN - EP,2026
296,2026,Hearts2Hearts,RUDE!,Hearts2Hearts,RUDE!,RUDE! - Single,2026
297,2026,KiiiKiii,404 (New Era),키키,404 (New Era),Delulu Pack - EP,2026
298,2026,방탄소년단,Swim,방탄소년단,SWIM,ARIRANG,2026
299,2026,방탄소년단,Hooligan,방탄소년단,Hooligan,ARIRANG,2026
300,2026,블랙핑크,Champion,BLACKPINK,Champion,DEADLINE - EP,2026
301,2026,아이오아이,갑자기,아이오아이,갑자기,I.O.I 3rd MINI ALBUM (I.O.I : LOOP) - EP,2026
302,2026,악동뮤지션,소문의 낙원,악뮤,소문의 낙원,개화,2026
303,2026,에스파,Lemonade,aespa,LEMONADE,LEMONADE - The 2nd Album,2026
304,2026,엑소,Crown,EXO,Crown,REVERXE - The 8th Album,2026
305,2026,엔하이픈,Lost Island,엔하이픈,Lost Island,THE SIN : VANISH,2026
