번호,연도,작품,배역1,배우1,배역2,배우2,OST가수,OST곡,실제매칭가수,실제매칭곡,앨범
1,2001,아름다운 날들,이민철,이병헌,김연수,최지우,제로,약속,제로,약속,SBS 드라마 아름다운 날들 (Original Television Soundtrack)
2,2002,겨울연가,강준상,배용준,정유진,최지우,류,처음부터 지금까지,류,처음부터지금까지,겨울연가 (Original Television Soundtrack)
3,2002,야인시대,김두한,안재모,설향,허영란,강성,야인Ⅰ,강성,야인Ⅰ,야인시대 (Original Soundtrack)
4,2002,인어아가씨,은아리영,장서희,이주왕,김성택,한도환,인어 아가씨 타이틀,한도환,인어 아가씨 타이틀,인어아가씨 (Original Soundtrack)
5,2003,대장금,서장금,이영애,민정호,지진희,김지현,오나라,"김지현, 백보현 & 김슬기",오나라 I,대장금 (Original Television Soundtrack)
6,2003,천국의 계단,차송주,권상우,한정서,최지우,김범수,천국의 계단 (Original Soundtrack) - 보고 싶다,김범수,천국의 계단 (Original Soundtrack) - 보고 싶다,천국의 계단 (Original Soundtrack) - 보고 싶다 - Single
7,2004,미안하다 사랑한다,차무혁,소지섭,송은채,임수정,박효신,눈의 꽃,박효신,눈의 꽃,미안하다 사랑한다 (Original Television Soundtrack)
8,2004,발리에서 생긴 일,이수정,하지원,강인욱,소지섭,안젤로,그게 사랑이니까,안젤로,그게 사랑이니까,발리에서 생긴 일 (Original Television Soundtrack)
9,2004,파리의 연인,한기주,박신양,강태영,김정은,조성모,너의 곁으로,조성모,너의 곁으로,파리의 연인 (Original Sound Track)
10,2004,해신,장보고,최수종,정화,수애,김범수,니가 날 떠나,김범수,니가 날 떠나,해신 (Original Television Soundtrack)
11,2005,내 이름은 김삼순,현진헌,현빈,김삼순,김선아,클래지콰이,She Is,클래지콰이,She Is,내 이름은 김삼순 (Original Television Soundtrack)
12,2005,봄의 왈츠,윤재하,서도영,박은영,한효주,이루마,봄의 왈츠 (His String Version),이루마,봄의 왈츠 (Piano Version),봄의 왈츠 클래식 (Original Television Soundtrack)
13,2005,슬픈연가,서준영,권상우,박혜인,김희선,윤건,사랑한다면,윤건,사랑한다면,슬픈 연가 - Yoongun's Sad Love Story
14,2005,프라하의 연인,최상현,김주혁,윤재희,전도연,최성욱,프라하성에서,최성욱,프라하성에서,프라하의 연인 OST
15,2006,궁,이신,주지훈,신채경,윤은혜,하울 제이,사랑인가요,하울 & 제이,사랑인가요,궁 (Original Television Soundtrack)
16,2006,소문난 칠공주,나설칠,이태란,연하남,박해진,고유진,단 한사람,고유진,단 한사람,소문난 칠공주 (Original Television Soundtrack)
17,2006,환상의 커플,나상실,한예슬,장철수,오지호,베니,괜히 나만 미워해,베니,괜히 나만 미워해,환상의 커플 (Original Television Soundtrack)
18,2006,황진이,황진이,하지원,김은호,장근석,서웅석,꽃날,서웅석,꽃날,황진이 (Original Television Soundtrack)
19,2007,개와 늑대의 시간,이수현,이준기,서지우,남상미,이수,Foolish Heart,이수,Foolish Heart,개와늑대의시간 TIME BETWEEN DOG AND WOLF
20,2007,뉴하트,이은성,지성,남혜석,김민정,타루,내겐 사랑하나…,타루,내겐 사랑하나…,뉴하트 (Original Soundtrack)
21,2007,메리대구 공방전,강대구,지현우,황메리,이하나,지현우,One & One,지현우,One & One,메리 대구 공방전 (Original Television Soundtrack)
22,2007,쩐의 전쟁,금나라,박신양,서주희,박진희,바비킴,일년을 하루같이,바비킴,일년을 하루같이,쩐의전쟁 the Original (Original Television Soundtrack) - EP
23,2007,커피프린스 1호점,최한결,공유,고은찬,윤은혜,허밍어반스테레오,커피 한잔 어때? (feat. 요조),허밍어반스테레오,커피 한잔 어때? (feat. 요조),커피프린스 1호점 (Original Television Soundtrack)
24,2008,베토벤 바이러스,강마에,김명민,두루미,이지아,태연,들리나요...,태연,들리나요...,베토벤 바이러스 (Original Television Soundtrack)
25,2008,에덴의 동쪽,이동철,송승헌,국영란,이연희,SG Wannabe,운명을 거슬러,SG Wannabe,운명을 거슬러,에덴의 동쪽 (Original Soundtrack)
26,2008,이산,이산,이서진,성송연,한지민,임세현,소녀,임세현,소녀,이산 - 적주용명수 (Original Soundtrack)
27,2008,일지매,이겸,이준기,은채,한효주,박효신,화신,박효신,화신,일지매 (Original Television Soundtrack)
28,2008,타짜,고니,장혁,난숙,한예슬,바비킴,Reason (Male ver.),바비킴,Reason (Male ver.),타짜 (Original TV Soundtrack)
29,2009,꽃보다 남자,구준표,이민호,금잔디,구혜선,SHINee,Stand By Me,SHINee,Stand By Me,꽃보다 남자 (Original Television Soundtrack)
30,2009,내조의 여왕,천지애,김남주,온달수,오지호,이수영,여우랍니다,이수영,여우랍니다,내조의 여왕 (Original Television Soundtrack) [Deluxe]
31,2009,미남이시네요,황태경,장근석,고미남,박신혜,이홍기,여전히,이홍기,여전히,미남이시네요 (Original Television Soundtrack)
32,2009,선덕여왕,덕만,이요원,미실,고현정,아이유,바람꽃,아이유,바람꽃,선덕여왕 (Original Television Soundtrack)
33,2009,시티홀,조국,차승원,신미래,김선아,호란,불안한 사랑,호란,불안한 사랑,시티홀 City Hall (SBS 수목드라마) [Original Television Soundtrack]
34,2009,아가씨를 부탁해,강혜나,윤은혜,동찬,윤상현,정재욱,마음을 부탁해,정재욱,마음을 부탁해,아가씨를 부탁해 (Original Television Soundtrack) - EP
35,2009,찬란한 유산,선우환,이승기,고은성,한효주,이수,내 가슴에 사는 사람,이수,내 가슴에 사는 사람,SBS 드라마 찬란한 유산 (Original Television Soundtrack)
36,2010,검사 프린세스,마혜리,김소연,서인우,박시후,샤이니,Fly High,SHINee,Fly High,검사 프린세스 (Original Sound Track)
37,2010,동이,동이,한효주,숙종,지진희,장나라,천애지아,장나라,천애지아,동이 (Original Television Soundtrack)
38,2010,성균관 스캔들,이선준,박유천,김윤희,박민영,JYJ,찾았다,JYJ,찾았다,성균관 스캔들 (Original Soundtrack)
39,2010,시크릿 가든,김주원,현빈,길라임,하지원,백지영,그 여자,백지영,그 여자,"시크릿가든 (Original Television Soundtrack), Pt. 1 - Single"
40,2010,신데렐라 언니,송은조,문근영,홍기훈,천정명,예성,너 아니면 안돼,예성,너 아니면 안돼,신데렐라 언니 (Original Television Soundtrack)
41,2010,자이언트,이강모,이범수,황정연,박진희,이카,그대가,이카,그대가,자이언트 (Original Soundtrack)
42,2010,추노,이대길,장혁,언년이,이다해,임재범,낙인,임재범,낙인,추노 (Original Television Soundtrack)
43,2010,파스타,최현욱,이선균,서유경,공효진,정아,귀여운 넌,정아,귀여운 넌,파스타 (Original Soundtrack) Part.2 - EP
44,2011,공주의 남자,김승유,박시후,이세령,문채원,하동균 & 이정,기다릴게,하동균 & 이정,기다릴게,공주의남자 (Original Television Soundtrack)
45,2011,드림하이,송삼동,김수현,고혜미,배수지,창민 & 정진운,사랑하면 안될까,창민 & 정진운,사랑하면 안될까,드림하이 (Original Television Soundtrack)
46,2011,마이 프린세스,박해영,송승헌,이설,김태희,양요섭,그 사람을 아껴요,양요섭,그 사람을 아껴요,"마이 프린세스, Pt. 2 (Original Soundtrack)"
47,2011,보스를 지켜라,차지헌,지성,노은설,최강희,Apink,우리 그냥 사랑하게 해 주세요,Apink,우리 그냥 사랑하게 해주세요,보스를 지켜라 (Original Soundtrack) Part.1 - Single
48,2011,시티헌터,이윤성,이민호,김나나,박민영,종현,So Goodbye,종현,So Goodbye,시티헌터 (Original Television Soundtrack)
49,2011,최고의 사랑,독고진,차승원,구애정,공효진,써니힐,두근두근,써니힐,두근두근,최고의 사랑 (Original Television Soundtrack)
50,2012,각시탈,이강토,주원,목단,진세연,주원 & 이정현,심판의 날,주원 & 이정현,심판의 날,KBS 특별기획드라마 각시탈 (Original Sound Track)
51,2012,넝쿨째 굴러온 당신,방귀남,유준상,차윤희,김남주,걸스데이,넝쿨송,걸스데이,넝쿨송,KBS 주말드라마 넝쿨째 굴러온 당신 (Original Soundtrack) Pt. 5 - Single
52,2012,사랑비,서준,장근석,정하나,윤아,장근석,사랑비,장근석,사랑비,사랑비 (Original Soundtrack)
53,2012,아랑사또전,아랑,신민아,은오,이준기,박요한,서털구털,박요한,서털구털,아랑사또전 (Original Television Soundtrack)
54,2012,옥탑방 왕세자,이각,박유천,박하,한지민,알리,상처,알리,상처,옥탑방 왕세자 (Original Soundtrack) Part.1 - EP
55,2012,응답하라 1997,윤윤제,서인국,성시원,정은지,서인국,All For You,서인국 & 정은지,All for You,"응답하라 1997 - Love Story, Pt. 1 (Original Television Soundtrack) - Single"
56,2012,해를 품은 달,이훤,김수현,허연우,한가인,린,시간을 거슬러,린,시간을 거슬러,MBC 드라마 해를 품은 달 OST (Special Edition)
57,2012,해운대 연인들,이태성,김강우,소라,조여정,Nam Gyu Ri,해운대 연인들,Nam Gyu Ri,해운대 연인들,해운대 연인들 (Original Soundtrack)
58,2013,구가의 서,최강치,이승기,담여울,배수지,박세준,구가의 서,박세준,구가의 서,구가의 서 (Original Television Soundtrack)
59,2013,굿닥터,박시온,주원,차윤서,문채원,투빅,사랑하고 있습니다,투빅,사랑하고 있습니다,KBS2 월화드라마 굿 닥터 (Original Soundtrack)
60,2013,그 겨울 바람이 분다,오수,조인성,오영,송혜교,The One,겨울사랑,The One,겨울사랑,"그 겨울, 바람이 분다 (Original TV Series Soundtrack), Pt. 2 - Single"
61,2013,나인,박선우,이진욱,주민영,조윤희,이지혜,아홉 개의 향,이지혜,아홉 개의 향,"나인: 아홉 번의 시간여행 (Original TV Series Soundtrack), Pt. 1 - Single"
62,2013,너의 목소리가 들려,박수하,이종석,장혜성,이보영,에브리 싱글 데이,에코,에브리 싱글 데이,에코,"너의 목소리가 들려 (Original Television Soundtrack), Pt. 1 - EP"
63,2013,별에서 온 그대,도민준,김수현,천송이,전지현,린,My Destiny,린,My Destiny,별에서 온 그대 (Original Soundtrack) Part.1 - Single
64,2013,응답하라 1994,쓰레기,정우,성나정,고아라,김성균 & 도희,운명,김성균 & 도희,운명,응답하라 1994 감독판 (Original Television Soundtrack)
65,2013,장옥정 사랑에 살다,장옥정,김태희,이순,유아인,지아,꿈에서라도,지아,꿈에서라도,"장옥정, 사랑에 살다 (Original Television Soundtrack), Pt. 2 - Single"
66,2013,주군의 태양,주중원,소지섭,태공실,공효진,효린,미치게 만들어,효린,미치게 만들어,주군의 태양 (Original Television Soundtrack)
67,2013,총리와 나,권율,이범수,남다정,임윤아,태민,발걸음,태민,발걸음,총리와 나 (Original Television Soundtrack)
68,2013,황금의 제국,장태주,고수,최서윤,이요원,이념,피의 춤,이념,피의 춤,황금의 제국 (Original Soundtrack)
69,2014,골든크로스,강도윤,김강우,서이레,이시영,모세,Island,모세,Island,"골든크로스 (Original Television Soundtrack), Pt.1 - Single"
70,2014,괜찮아 사랑이야,장재열,조인성,지해수,공효진,다비치,괜찮아 사랑이야,다비치,괜찮아 사랑이야,"괜찮아 사랑이야, Vol. 1 (Original Television Soundtrack)"
71,2014,닥터 이방인,박훈,이종석,한승희,진세연,바비킴,이방인,바비킴,이방인,닥터 이방인 (Original Television Soundtrack)
72,2014,쓰리데이즈,한태경,박유천,이차영,박하선,신용재,"널 사랑한다, 지운다, 또 운다",신용재,"널 사랑한다, 지운다, 또 운다",쓰리 데이즈 (Original Soundtrack) Pt. 3 - Single
73,2014,왕의 얼굴,광해,서인국,김가희,조윤희,Seung Yeon Son,그대라서,Seung Yeon Son,그대라서,왕의 얼굴 (Original Soundtrack)
74,2014,운명처럼 널 사랑해,이건,장혁,김미영,장나라,에일리,잠시 안녕처럼,에일리,잠시 안녕처럼,운명처럼 널 사랑해 (Original Sound Track) Pt. 6 - Single
75,2014,조선총잡이,박윤강,이준기,정수인,남상미,Five Sense,連 - 다홍치마,Five Sense,連 - 다홍치마,조선총잡이 (Original Television Soundtrack)
76,2014,태양은 가득히,정세로,윤계상,한영원,한지혜,배호,태양은 가득히,yangpa,태양은 가득히,"태양은 가득히 (Original Television Soundtrack), Pt. 4 - Single"
77,2015,그녀는 예뻤다,지성준,박서준,김혜진,황정음,SoYou,모르나봐,SoYou & 브라더수,모르나봐,"그녀는 예뻤다 (Original Television Soundtrack), Pt. 4 - Single"
78,2015,냄새를 보는 소녀,최무각,박유천,오초림,신세경,김은영 & 장이정(히스토리),아리송해,김은영 & 장이정(히스토리),아리송해,냄새를 보는 소녀 (Original Television Soundtrack)
79,2015,두번째 스무살,하노라,최지우,차현석,이상윤,잔나비,두번째 스무살 Title,잔나비,두번째 스무살 Title,두번째 스무살 (Original Television Soundtrack)
80,2015,맨도롱 또똣,백건우,유연석,이정주,강소라,효린,더 가까이,효린,더 가까이,맨도롱 또똣 (Original Television Soundtrack)
81,2015,오 나의 귀신님,강선우,조정석,나봉선,박보영,한소현,오! 나의 귀신님,한소현 & 제이미 박,오! 나의 귀신님,오 나의 귀신님 (Original Television Soundtrack)
82,2015,용팔이,김태현,주원,한여진,김태희,박기헌,용팔이,박기헌,용팔이,용팔이 (Music from the Original TV Series)
83,2015,응답하라 1988,김정환,류준열,성덕선,혜리,김필,청춘,김필,청춘 (feat. 김창완),"응답하라 1988, Pt. 1 (Original Television Soundtrack) - Single"
84,2015,착하지 않은 여자들,김현숙,채시라,정마리,이하나,어쿠스틱 콜라보,소녀와 가로등 (Original Ver.),어쿠스틱 콜라보,소녀와 가로등 (Original Ver.),KBS2 수목드라마 착하지 않은 여자들 (Original Soundtrack) Pt. 1 - EP
85,2015,킬미힐미,차도현,지성,오리진,황정음,장재인,환청,장재인,환청 (feat. 나쑈),MBC 드라마 킬미힐미 (Original Television Soundtrack)
86,2015,프로듀사,백승찬,김수현,신디,아이유,벤,두근두근,벤,두근두근,프로듀사  : Special Edition (Original Soundtrack)
87,2015,후아유 학교 2015,고은별,김소현,한이안,남주혁,배치기,바람에 날려 (feat. 펀치),배치기,바람에 날려 (feat. 펀치),"후아유-학교 2015, Pt. 2 (Original Television Soundtrack) - Single"
88,2016,구르미 그린 달빛,이영,박보검,홍라온,김유정,거미,구르미 그린 달빛,거미,구르미 그린 달빛,"구르미 그린 달빛 (Original Television Soundtrack), Pt. 3 - Single"
89,2016,굿와이프,김혜경,전도연,이태준,유지태,넬,숨,넬,숨,"굿와이프, Pt. 1 (Original Television Soundtrack) - Single"
90,2016,낭만닥터 김사부,부용주,한석규,강동주,유연석,신용재,언제나 괜찮아,신용재,언제나 괜찮아,낭만닥터 김사부 (Music from the Original TV Series) Pt.7 - Single
91,2016,달의 연인 보보경심 려,왕소,이준기,해수,아이유,다비치,그대를 잊는다는건,다비치,그대를 잊는다는건,달의 연인: 보보경심 려 (Original Television Soundtrack)
92,2016,더 케이투,김제하,지창욱,고안나,임윤아,유성은,아주 가끔,유성은,아주 가끔,"더케이투, Pt. 2 (Original Television Soundtrack) - Single"
93,2016,도깨비,김신,공유,지은탁,김고은,에일리,첫눈처럼 너에게 가겠다,에일리,첫눈처럼 너에게 가겠다,"도깨비, Pt. 9 (Original Television Soundtrack) - Single"
94,2016,또 오해영,박도경,에릭,오해영,서현진,정승환,너였다면,정승환,너였다면,"또 오해영, Pt. 5 (Original Television Soundtrack) - Single"
95,2016,미녀 공심이,공심,민아,단태,남궁민,커피소년,찾았다,커피소년,찾았다,미녀 공심이 (Original Soundtrack) Part.5 - Single
96,2016,보이스,무진혁,장혁,강권주,이하나,김윤아,목소리,김윤아,목소리,"보이스, Pt. 2 (Original Television Soundtrack) - Single"
97,2016,옥중화,옥녀,진세연,윤태원,고수,정세린,옥중화 (Feat. 임윤정),정세린,옥중화 (Feat. 임윤정),옥중화 (Original Television Soundtrack)
98,2016,운빨로맨스,심보늬,황정음,제수호,류준열,박혜수,슬픈인연,박혜수,슬픈인연,운빨로맨스 (Original Television Soundtrack)
99,2016,질투의 화신,이화신,조정석,표나리,공효진,에이프릴세컨드,질투의 화신,에이프릴세컨드,질투의 화신,질투의 화신 (Original Television Soundtrack)
100,2016,태양의 후예,유시진,송중기,강모연,송혜교,윤미래,Always,윤미래,Always,"태양의 후예, Pt. 1 (Original Television Soundtrack) - Single"
101,2016,푸른 바다의 전설,허준재,이민호,심청,전지현,윤미래,그대라는 세상,윤미래,그대라는 세상,"푸른 바다의 전설 (Original Television Soundtrack), Pt. 2 - Single"
102,2016,함부로 애틋하게,신준영,김우빈,노을,배수지,에릭남,소나기,에릭남,소나기,"함부로 애틋하게 (Original Television Soundtrack), Vol. 2"
103,2017,당신이 잠든 사이에,정재찬,이종석,남홍주,배수지,브라더수 & 세오,당신이 잠든 사이에,브라더수 & 세오,당신이 잠든 사이에,"당신이 잠든 사이에 (Original Television Soundtrack), Pt. 5 - EP"
104,2017,매드독,최강우,유지태,김민준,우도환,에릭남,해가 지기 전에,에릭남,해가 지기 전에,"매드독 (Original Television Soundtrack), Pt. 1 - Single"
105,2017,슬기로운 감빵생활,김제혁,박해수,이준호,정경호,에릭남,"Bravo, My Life!",에릭남,"Bravo, My Life!",슬기로운 감빵생활 (Original Television Soundtrack)
106,2017,쌈 마이웨이,고동만,박서준,최애라,김지원,케이시,굿모닝,케이시,굿모닝,"KBS2 드라마 쌈, 마이웨이 (Original Television Soundtrack), Pt. 2 - Single"
107,2017,의문의 일승,오일승,윤균상,진진영,정혜성,소울 다이브,의문의 일승,소울 다이브,의문의 일승,"의문의 일승, Pt. 2 (Original Soundtrack) - Single"
108,2017,피고인,박정우,지성,서은혜,권유리,San E,끝까지,San E,끝까지,"피고인 (Original Soundtrack), Pt. 2 - Single"
109,2017,하백의 신부,하백,남주혁,소아,신세경,양다일,이렇게 좋은 이유,양다일,이렇게 좋은 이유,하백의 신부 2017 (Original Television Soundtrack)
110,2017,힘쎈여자 도봉순,도봉순,박보영,안민혁,박형식,브로맨스,사랑에 빠진 걸까요 (feat. 오브로젝트),브로맨스,사랑에 빠진 걸까요 (feat. 오브로젝트),"힘쎈여자 도봉순 (Original Television Soundtrack), Pt. 6 - Single"
111,2018,SKY 캐슬,한서진,염정아,김주영,김서형,하니,We All Lie,하진,We all lie,"SKY 캐슬, Pt. 4 (Original Television Soundtrack) - Single"
112,2018,기름진 멜로,서풍,이준호,단새우,정려원,백아연,너였었니,백아연,너였었니,"기름진 멜로 (Original Television Soundtrack), Pt. 3 - Single"
113,2018,김비서가 왜 그럴까,이영준,박서준,김미소,박민영,김나영,그대만 보여서,김나영,그대만 보여서,"김비서가 왜 그럴까 (Original Soundtrack), Pt. 5 - Single"
114,2018,나의 아저씨,박동훈,이선균,이지안,아이유,손디아,어른,Sondia,어른,"나의 아저씨 (Original Television Soundtrack) , Pt. 2 - Single"
115,2018,라이프 온 마스,한태주,정경호,윤나영,고아성,신해경,너는 어디쯤,신해경,너는 어디쯤,"라이프 온 마스, Pt. 2 (Original Television Soundtrack) - Single"
116,2018,미스터 션샤인,최유진,이병헌,고애신,김태리,멜로망스,좋은 날,멜로망스,좋은 날,미스터 션샤인 (Original Television Soundtrack)
117,2018,백일의 낭군님,이율,도경수,홍심,남지현,노유림,기약 없는 이별,노유림,기약 없는 이별,백일의 낭군님 (Original Television Soundtrack)
118,2018,뷰티 인사이드,서도재,이민기,한세계,서현진,케이윌,내 생에 아름다운,케이윌,내 생에 아름다운,뷰티 인사이드 (Original Television Soundtrack)
119,2018,스위치 세상을 바꿔라,사도찬,장근석,오하라,한예리,틴탑,Crazy,틴탑,Crazy,스위치 - 세상을 바꿔라 (Original Soundtrack)
120,2018,시크릿 마더,김윤진,송윤아,김소연,김소연,카더가든,Nothing,카더가든,Nothing,시크릿 마더 (Original Soundtrack) Part.1 - Single
121,2018,알함브라 궁전의 추억,유진우,현빈,정희주,박신혜,로꼬 & 유성은,별 (Little Prince),로꼬 & 유성은,별 (Little Prince),알함브라 궁전의 추억 (Original Television Soundtrack)
122,2018,훈남정음,강훈남,남궁민,유정음,황정음,허각,너 아니면,허각,너 아니면,"훈남정음 (Original Television Soundtrack), Pt. 4 - Single"
123,2019,검법남녀,백범,정재영,은솔,정유미,JK 김동욱,Truth,JK 김동욱,Truth,검법남녀 OST Part.2 - Single
124,2019,검색어를 입력하세요 WWW,배타미,임수정,박모건,장기용,오존,우리 사이 은하수를 만들어,오존,우리 사이 은하수를 만들어,"검색어를 입력하세요 WWW, Pt. 1 (Original Television Soundtrack) - Single"
125,2019,동백꽃 필 무렵,황용식,강하늘,오동백,공효진,펀치,영화 속에 나오는 주인공처럼,펀치,영화 속에 나오는 주인공처럼,"동백꽃 필 무렵 (KBS2 수목드라마) [Original Television Soundtrack], Pt.6 - Single"
126,2019,로맨스는 별책부록,차은호,이종석,강단이,이나영,잔나비,나는 볼 수 없던 이야기,잔나비,나는 볼 수 없던 이야기,"로맨스는 별책부록 (Original Soundtrack), Pt. 1 - Single"
127,2019,멜로가 체질,임진주,천우희,손범수,안재홍,장범준,흔들리는 꽃들 속에서 네 샴푸향이 느껴진거야,장범준,흔들리는 꽃들 속에서 네 샴푸향이 느껴진거야,멜로가 체질 (Original Television Soundtrack)
128,2019,배가본드,차달건,이승기,고해리,배수지,하현우,Vagabond,하현우,Vagabond,배가본드 (Original Television Soundtrack)
129,2019,봄밤,유지호,정해인,이정인,한지민,구름,"봄, 밤",김필,봄밤,봄밤 - Single
130,2019,사랑의 불시착,리정혁,현빈,윤세리,손예진,백예린,다시 난 여기,백예린,"다시 난, 여기",사랑의 불시착 (Original Television Soundtrack)
131,2019,아름다운 세상,박무진,박희순,강인하,추자현,신재범 & 민경아,아름다운 세상 (From 알라딘),존박 & 박정현,아름다운 세상 (From 알라딘),아름다운 세상 (From 알라딘) - Single
132,2019,아스달 연대기,타곤,장동건,탄야,김지원,이루리,대제관 니르하시여!,이루리,대제관 니르하시여!,아스달 연대기 (Original Television Soundtrack)
133,2019,열혈사제,김해일,김남길,박경선,이하늬,노라조,우리동네 HERO,노라조,우리동네 HERO,열혈사제 (Original Soundtrack) Part.1 - Single
134,2019,왜그래 풍상씨,이풍상,유준상,간분실,신동미,박새별,너무 아픈 사랑은 사랑이 아니었음을,박새별,너무 아픈 사랑은 사랑이 아니었음을,"왜그래 풍상씨 (Original Television Soundtrack), Pt.4 - Single"
135,2019,퍼퓸,민재희,하재숙,서이도,신성록,바버렛츠,퍼퓸 (Perfume of love),바버렛츠,퍼퓸 (Perfume of love),"퍼퓸 (Original Television Soundtrack), Pt. 6 - Single"
136,2019,호텔 델루나,구찬성,여진구,장만월,아이유,태연,그대라는 시,태연,그대라는 시,호텔 델루나 (Original Soundtrack) Pt. 3 - Single
137,2020,낭만닥터 김사부 2,부용주,한석규,서우진,안효섭,백현,너를 사랑하고 있어,백현,너를 사랑하고 있어,낭만닥터 김사부 2 (Original Television Soundtrack)
138,2020,더 킹 영원의 군주,이곤,이민호,정태을,김고은,Zion.T,I Just Want To Stay With You,Zion.T,I Just Want To Stay With You,더 킹 : 영원의 군주 (Original Television Soundtrack)
139,2020,부부의 세계,지선우,김희애,이태오,박해준,백지영,사랑했던 날들,백지영,사랑했던 날들,"부부의 세계, Pt. 6 (Original Television Soundtrack) - Single"
140,2020,사이코지만 괜찮아,문강태,김수현,고문영,서예지,헤이즈,더 많이 사랑한 쪽이 아프대,헤이즈,더 많이 사랑한 쪽이 아프대,"사이코지만 괜찮아 (Original Television Soundtrack), Pt. 1 - Single"
141,2020,스타트업,남도산,남주혁,서달미,배수지,레드벨벳,미래,레드벨벳,미래,"스타트업 (Original Television Soundtrack), Pt. 1 - Single"
142,2020,슬기로운 의사생활,이익준,조정석,채송화,전미도,조정석,아로하,조정석,아로하,"슬기로운 의사생활, Pt. 3 (Original Television Soundtrack) - Single"
143,2020,쌍갑포차,월주,황정음,한강배,육성재,육성재,사랑은 추억을 닮아서,육성재,사랑은 추억을 닮아서,"쌍갑포차, Pt. 2 (Original Television Soundtrack) - Single"
144,2020,여신강림,이수호,차은우,임주경,문가영,사야,Call Me Maybe,사야,Call Me Maybe,여신강림 (Original Television Soundtrack)
145,2020,이태원 클라쓰,박새로이,박서준,조이서,김다미,가호,시작,가호,시작,ITAEWON CLASS (Original Television Soundtrack) Pt. 2 - Single
146,2020,청춘기록,사혜준,박보검,안정하,박소담,자넷서,청춘기록,자넷서,청춘기록,청춘기록 (Original Television Soundtrack)
147,2020,출사표,구세라,나나,서공명,박성훈,츄,봄꽃,츄,봄꽃,출사표(Original Television Soundtrack)
148,2020,카이로스,김서진,신성록,한애리,이세영,김태현,"카이로스 (Original Television Soundtrack, Pt. 6)",김태현,"카이로스 (Original Television Soundtrack, Pt. 6)","카이로스 (Original Television Soundtrack, Pt. 6) - Single"
149,2020,편의점 샛별이,최대현,지창욱,정샛별,김유정,로시,잠이 오지 않는 밤에,로시,잠이 오지 않는 밤에,"편의점 샛별이 (Original Television Soundtrack), Special"
150,2021,갯마을 차차차,홍두식,김선호,윤혜진,신민아,카더가든,로맨틱 선데이,카더가든,로맨틱 선데이,"갯마을 차차차, Pt. 1 (Original Television Soundtrack) - Single"
151,2021,그 해 우리는,최웅,최우식,국연수,김다미,10CM,서랍,10CM,서랍,그 해 우리는 (Original Television Soundtrack) Special
152,2021,라켓소년단,윤해강,탕준상,한세윤,이재인,더보이즈,지금처럼,더보이즈,지금처럼,"라켓소년단 (Original Television Soundtrack), Pt. 1 - Single"
153,2021,마이 네임,윤지우,한소희,무진,박희순,황상준,My Name (feat. Swervy & JEMINN),황상준,My Name (feat. Swervy & JEMINN),마이 네임 (Original Soundtrack from the Netflix Series)
154,2021,모범택시,김도기,이제훈,강하나,이솜,김성율,모범택시,김성율,모범택시,모범택시 (Original Soundtrack)
155,2021,빈센조,빈센조 까사노,송중기,홍차영,전여빈,존박,I'm Always by Your Side,존박,I′m Always by Your Side,"빈센조, Pt. 6 (Original Television Soundtrack) - Single"
156,2021,슬기로운 의사생활 시즌2,이익준,조정석,채송화,전미도,이무진,비와 당신,이무진,비와 당신,슬기로운 의사생활 시즌2 (Original Television Soundtrack)
157,2021,어느 날 우리 집 현관으로,김사람,서인국,탁동경,박보영,투모로우바이투게더,널 보면 시간이 멈춰 어느 순간에도,투모로우바이투게더,널 보면 시간이 멈춰 어느 순간에도,"어느 날 우리 집 현관으로 멸망이 들어왔다 (Original Television Soundtrack), Pt. 2 - Single"
158,2021,엉클,왕준혁,오정세,왕준희,전혜진,추상민,Be your side,추상민,Be your side,엉클 (Original Television Soundtrack)
159,2021,오징어 게임,성기훈,이정재,강새벽,정호연,김성수,Pink Soldiers,김성수,Pink Soldiers,오징어게임 (Original Soundtrack from The Netflix Series)
160,2021,옷소매 붉은 끝동,이산,이준호,성덕임,이세영,휘인,바라고 바라,휘인,바라고 바라,"옷소매 붉은 끝동 (Original Soundtrack), Pt. 1 - Single"
161,2021,지금 헤어지는 중입니다,하영은,송혜교,윤재국,장기용,허상은 & 박영익,지금 헤어지는 중입니다,허상은 & 박영익,지금 헤어지는 중입니다,"지금, 헤어지는 중입니다 (Original Soundtrack)"
162,2021,해피니스,윤새봄,한효주,정이현,박형식,Joe Layne,Some Day,Joe Layne,Some Day,해피니스 (Original Television Soundtrack)
163,2021,홍천기,홍천기,김유정,하람,안효섭,백현,"나인가요 (From ""홍천기"")",백현,"나인가요 (From ""홍천기"")",홍천기 (Original Soundtrack) Part.1 - Single
164,2022,군검사 도베르만,도배만,안보현,차우인,조보아,하현우,도베르만,하현우,도베르만,군검사 도베르만 (Original Television Soundtrack)
165,2022,금수저,이승천,육성재,나주희,정채연,민경훈,이제 시작이야,민경훈,이제 시작이야,금수저 (Original Television Soundtrack)
166,2022,기상청 사람들,진하경,박민영,이시우,송강,기리보이,이상기후,기리보이,이상기후,기상청 사람들 : 사내연애 잔혹사 편 (Original Television Soundtrack) Special
167,2022,당신이 소원을 말하면,윤겨레,지창욱,유연주,최수영,태연,너와 나 사이,태연,너와 나 사이,"당신이 소원을 말하면 (Original Soundtrack), Pt. 9 - Single"
168,2022,법대로 사랑하라,김정호,이승기,김유리,이세영,펀치,별이 빛나는 오늘 밤에,펀치,별이 빛나는 오늘 밤에,법대로 사랑하라 (Original Television Soundtrack) Special
169,2022,사내맞선,강태무,안효섭,신하리,김세정,멜로망스,사랑인가 봐,멜로망스,사랑인가 봐,사내맞선 (Original Soundtrack)
170,2022,살인자의 쇼핑목록,이대성,이광수,도아희,김설현,조인호,살인자의 쇼핑목록 Title,조인호,살인자의 쇼핑목록 Title,살인자의 쇼핑목록 (Original Soundtrack)
171,2022,소년심판,심은석,김혜수,차태주,김무열,INNI,Shchedryk,INNI,Shchedryk,소년심판 (Original Soundtrack)
172,2022,스물다섯 스물하나,백이진,남주혁,나희도,김태리,비비,"아주, 천천히",비비,"아주, 천천히","스물다섯 스물하나, Pt. 3 (Original Television Soundtrack) - Single"
173,2022,신사와 아가씨,이영국,지현우,박단단,이세희,최철호 & 오혜주,신사와 아가씨,최철호 & 오혜주,신사와 아가씨,신사와 아가씨 (Original Television Soundtrack) Special Score
174,2022,왜 오수재인가,오수재,서현진,공찬,황인엽,이소정,I'm here,이소정,I'm here,왜 오수재인가 (Originaal Television Soundtrack)
175,2022,우리들의 블루스,이동석,이병헌,민선아,신민아,지민,With You,지민 & 하성운,With You,우리들의 블루스 (Original Television Soundtrack)
176,2022,유미의 세포들,유미,김고은,구웅,안보현,웬디,나를 신경 쓰고 있는 건가,웬디,나를 신경 쓰고 있는 건가,유미의 세포들 (Original Television Soundtrack)
177,2022,이상한 변호사 우영우,우영우,박은빈,이준호,강태오,선우정아,상상,선우정아,상상,이상한 변호사 우영우 (Original Television Soundtrack) Pt. 2 - Single
178,2022,재벌집 막내아들,진도준,송중기,서민영,신현빈,폴킴,기적 같은 너,폴킴,기적 같은 너,재벌집 막내아들 (Original Soundtrack)
179,2022,천원짜리 변호사,천지훈,남궁민,백마리,김지은,김경호,천원짜리 변호사,김경호,천원짜리 변호사,천원짜리 변호사 (Original Soundtrack)
180,2022,환혼,장욱,이재욱,무덕이,정소민,정세운,바라만 본다,정세운,바라만 본다,"환혼, Pt. 3 (Original Television Soundtrack) - Single"
181,2023,국민사형투표,김무찬,박해진,주현,임지연,구자완,The Last Vote,구자완,The Last Vote,국민사형투표 (Original Soundtrack)
182,2023,나쁜엄마,최강호,이도현,영순,라미란,멜로망스,다시 사랑할 수 있게,멜로망스,다시 사랑할 수 있게,나쁜엄마 (Original Television Soundtrack)
183,2023,낭만닥터 김사부 3,부용주,한석규,차은재,이성경,백현,Hello,백현,Hello,"낭만닥터 김사부 3 (Original Television Soundtrack), Pt.1 - Single"
184,2023,낮에 뜨는 달,한준오,김영대,강영화,표예진,불꽃심장,낮에 뜨는 달,안예은,낮에 뜨는 달,낮에 뜨는 달 - Single
185,2023,대행사,고아인,이보영,강한나,손나은,권진아,You,권진아,You,대행사 (Original Television Soundtrack)
186,2023,더 글로리,문동은,송혜교,주여정,이도현,김태진,후회,김태진,후회,"더 글로리, Pt. 2 (Original Soundtrack from the Netflix Series)"
187,2023,도적 칼의 소리,이윤,김남길,남희신,서현,태일,Bandit,태일,Bandit,도적: 칼의 소리 (Music from The Netflix Series) - EP
188,2023,마이 데몬,정구원,송강,도도희,김유정,뉴진스,우리의 밤은 당신의 낮보다 아름답다,뉴진스,우리의 밤은 당신의 낮보다 아름답다,"마이데몬, Pt. 1 (Original Soundtrack) - Single"
189,2023,반짝이는 워터멜론,은결,려운,이찬,최현욱,정준일,반짝이는 그대에게,정준일,반짝이는 그대에게,반짝이는 워터멜론 (Original Television Soundtrack) Pt. 1 - Single
190,2023,보라 데보라,박데보라,유인나,이수혁,윤현민,구준회,"우연히, 사랑",구준회,"우연히, 사랑",보라! 데보라 (Original Soundtrack)
191,2023,악귀,구산영,김태리,염해상,오정세,선우정아,숨,선우정아,숨,악귀 (Original Soundtrack) Pt.4 - Single
192,2023,웰컴투 삼달리,조용필,지창욱,조삼달,신혜선,태연,꿈,태연,꿈,"웰컴투 삼달리 (Original Television Soundtrack), Pt.3 - Single"
193,2023,이번 생도 잘 부탁해,반지음,신혜선,문서하,안보현,옐로,Secret,옐로,Secret,이번 생도 잘 부탁해 (Original Television Soundtrack)
194,2023,이재 곧 죽습니다,최이재,서인국,죽음,박소담,Sondia,거짓말인데,Sondia,거짓말인데,"이재, 곧 죽습니다 (Original Television Soundtrack), Pt.1 - Single"
195,2023,일타 스캔들,최치열,정경호,남행선,전도연,이적,반대편,이적,반대편,"일타 스캔들, Pt. 3 (Original Television Soundtrack) - Single"
196,2023,킹더랜드,구원,이준호,천사랑,임윤아,펀치,Keep Me Busy,펀치,Keep Me Busy,"킹더랜드 (Original Television Soundtrack), Pt.5 - Single"
197,2024,낮과 밤이 다른 그녀,이미진,정은지,계지웅,최진혁,보이넥스트도어,Lucky Charm,보이넥스트도어,Lucky Charm,"낮과 밤이 다른 그녀 (Original Television Soundtrack), Pt. 3 - Single"
198,2024,눈물의 여왕,백현우,김수현,홍해인,김지원,Crush,미안해 미워해 사랑해,Crush,미안해 미워해 사랑해,"눈물의 여왕 (Original Television Soundtrack), Pt.4 - Single"
199,2024,밤에 피는 꽃,조여화,이하늬,박수호,이종원,Zeenan,내 사랑 내 곁에,Zeenan,내 사랑 내 곁에,밤에 피는 꽃 (Original Soundtrack) Pt.1 - Single
200,2024,백설공주에게 죽음을,고정우,변요한,노상철,고준,김현도,Endless Night,김현도,Endless Night,백설공주에게 죽음을-Black Out (Original TV Series Soundtrack)
201,2024,선재 업고 튀어,류선재,변우석,임솔,김혜윤,이클립스,소나기,이클립스,소나기,"선재 업고 튀어, Pt. 1 (Original Soundtrack)"
202,2024,수사반장 1958,박영한,이제훈,김상순,이동휘,윤용남,수사반장 (1958),윤용남,수사반장 (1958),수사반장 1958 (Original Television Soundtrack)
203,2024,엄마친구아들,배석류,정소민,최승효,정해인,정해인,꺼내지 못한 말,정해인,꺼내지 못한 말,엄마친구아들 (Original Soundtrack)
204,2024,열혈사제 2,김해일,김남길,박경선,이하늬,PLAVE,멈추지 않아,PLAVE,멈추지 않아,열혈사제2 (Original Soundtrack) Part.2 - Single
205,2024,정년이,윤정년,김태리,허영서,신예은,매란국극단,"위에선 한나라가, 누굴까 그 사람",매란국극단,"위에선 한나라가, 누굴까 그 사람","정년이, Pt. 4 : 목포의 청춘&자명고 (Original Soundtrack)"
206,2024,지금 거신 전화는,백사언,유연석,홍희주,채수빈,임현식,See The Light,임현식,See The Light,지금 거신 전화는 (Original Soundtrack)
207,2024,커넥션,장재경,지성,오윤진,전미도,설호승,The Day,설호승,The Day,"커넥션, Pt. 1 (Original Soundtrack) - Single"
208,2025,견우와 선녀,박견우,추영우,성선녀,조이현,추영우,안녕,추영우,안녕,"견우와 선녀, Pt. 3 (Original Soundtrack) - Single"
209,2025,귀궁,여리,육성재,강철,김지연,이규옥,귀궁,이규옥,귀궁,귀궁 : Original Television Soundtrack
210,2025,언더커버 하이스쿨,정해성,서강준,오수아,진기주,한경수,내 이름을 불러줘,한경수,내 이름을 불러줘,언더커버 하이스쿨 (Original Soundtrack)
211,2025,폭싹 속았수다,양관식,박보검,오애순,아이유,마마스,폭싹 속았수다,PAN:DER,폭싹 속았수다,폭싹 속았수다 - Single
